1;623;and Sons;Ground
2;304;PLC;Air
3;304;PLC;Sea
4;460;LLC;Air
5;733;Ltd;Sea
6;663;Inc;Ground
7;623;and Sons;Ground
8;576;Group;Ground
9;663;Inc;Air
10;304;PLC;Air
11;460;LLC;Air
12;623;and Sons;Sea
13;576;Group;Ground
14;623;and Sons;Sea
15;623;and Sons;Ground
16;663;Inc;Sea
17;576;Group;Sea
18;460;LLC;Air
19;304;PLC;Air
20;663;Inc;Air
21;304;PLC;Ground
22;623;and Sons;Sea
23;576;Group;Sea
24;623;and Sons;Ground
25;304;PLC;Ground
26;733;Ltd;Sea
27;460;LLC;Ground
28;460;LLC;Ground
29;733;Ltd;Ground
30;623;and Sons;Air
31;460;LLC;Air
32;663;Inc;Air
33;576;Group;Sea
34;733;Ltd;Air
35;663;Inc;Air
36;576;Group;Ground
37;733;Ltd;Air
38;623;and Sons;Ground
39;623;and Sons;Ground
40;576;Group;Air
41;304;PLC;Sea
42;663;Inc;Ground
43;733;Ltd;Ground
44;663;Inc;Air
45;623;and Sons;Ground
46;623;and Sons;Air
47;663;Inc;Sea
48;663;Inc;Ground
49;623;and Sons;Sea
50;304;PLC;Sea
51;576;Group;Sea
52;460;LLC;Ground
53;460;LLC;Ground
54;304;PLC;Ground
55;623;and Sons;Air
56;460;LLC;Sea
57;576;Group;Ground
58;576;Group;Air
59;733;Ltd;Ground
60;304;PLC;Ground
61;663;Inc;Sea
62;663;Inc;Ground
63;663;Inc;Sea
64;623;and Sons;Ground
65;663;Inc;Ground
66;623;and Sons;Ground
67;460;LLC;Air
68;733;Ltd;Air
69;304;PLC;Air
70;663;Inc;Sea
71;460;LLC;Ground
72;460;LLC;Air
73;623;and Sons;Air
74;304;PLC;Ground
75;576;Group;Ground
76;304;PLC;Sea
77;460;LLC;Sea
78;733;Ltd;Sea
79;663;Inc;Air
80;576;Group;Ground
81;733;Ltd;Air
82;576;Group;Sea
83;623;and Sons;Ground
84;460;LLC;Ground
85;663;Inc;Sea
86;304;PLC;Sea
87;460;LLC;Sea
88;576;Group;Ground
89;663;Inc;Sea
90;733;Ltd;Ground
91;623;and Sons;Sea
92;733;Ltd;Air
93;663;Inc;Ground
94;733;Ltd;Sea
95;663;Inc;Sea
96;460;LLC;Air
97;460;LLC;Sea
98;576;Group;Sea
99;733;Ltd;Sea
100;460;LLC;Sea
101;460;LLC;Air
102;623;and Sons;Air
103;733;Ltd;Ground
104;663;Inc;Air
105;663;Inc;Sea
106;733;Ltd;Sea
107;460;LLC;Air
108;460;LLC;Sea
109;576;Group;Ground
110;576;Group;Air
111;733;Ltd;Ground
112;663;Inc;Sea
113;576;Group;Air
114;304;PLC;Ground
115;576;Group;Ground
116;733;Ltd;Sea
117;304;PLC;Sea
118;623;and Sons;Ground
119;733;Ltd;Sea
120;623;and Sons;Air
121;460;LLC;Sea
122;460;LLC;Sea
123;576;Group;Air
124;623;and Sons;Air
125;304;PLC;Ground
126;460;LLC;Air
127;304;PLC;Ground
128;733;Ltd;Ground
129;304;PLC;Ground
130;304;PLC;Sea
131;733;Ltd;Sea
132;460;LLC;Ground
133;304;PLC;Ground
134;304;PLC;Sea
135;623;and Sons;Ground
136;304;PLC;Sea
137;733;Ltd;Air
138;623;and Sons;Ground
139;733;Ltd;Ground
140;623;and Sons;Ground
141;304;PLC;Air
142;576;Group;Air
143;623;and Sons;Ground
144;663;Inc;Ground
145;304;PLC;Ground
146;576;Group;Sea
147;460;LLC;Sea
148;663;Inc;Sea
149;663;Inc;Ground
150;733;Ltd;Ground
151;304;PLC;Ground
152;304;PLC;Air
153;576;Group;Sea
154;304;PLC;Ground
155;576;Group;Ground
156;304;PLC;Air
157;576;Group;Ground
158;304;PLC;Sea
159;576;Group;Ground
160;304;PLC;Ground
161;663;Inc;Sea
162;304;PLC;Ground
163;623;and Sons;Sea
164;304;PLC;Ground
165;733;Ltd;Air
166;733;Ltd;Air
167;460;LLC;Sea
168;576;Group;Sea
169;304;PLC;Ground
170;576;Group;Ground
171;733;Ltd;Ground
172;304;PLC;Air
173;460;LLC;Ground
174;304;PLC;Sea
175;623;and Sons;Sea
176;576;Group;Sea
177;623;and Sons;Sea
178;460;LLC;Sea
179;623;and Sons;Air
180;460;LLC;Ground
181;460;LLC;Air
182;623;and Sons;Air
183;304;PLC;Ground
184;663;Inc;Ground
185;304;PLC;Air
186;733;Ltd;Sea
187;663;Inc;Ground
188;663;Inc;Air
189;576;Group;Air
190;663;Inc;Air
191;576;Group;Ground
192;460;LLC;Sea
193;304;PLC;Air
194;733;Ltd;Ground
195;623;and Sons;Ground
196;460;LLC;Sea
197;663;Inc;Sea
198;733;Ltd;Ground
199;733;Ltd;Ground
200;304;PLC;Ground
201;576;Group;Sea
202;304;PLC;Ground
203;304;PLC;Air
204;304;PLC;Air
205;623;and Sons;Ground
206;460;LLC;Air
207;733;Ltd;Ground
208;733;Ltd;Ground
209;663;Inc;Sea
210;304;PLC;Sea
211;733;Ltd;Air
212;733;Ltd;Air
213;663;Inc;Air
214;304;PLC;Sea
215;304;PLC;Sea
216;460;LLC;Air
217;576;Group;Sea
218;663;Inc;Air
219;304;PLC;Sea
220;733;Ltd;Sea
221;663;Inc;Sea
222;663;Inc;Air
223;733;Ltd;Sea
224;576;Group;Ground
225;576;Group;Sea
226;623;and Sons;Air
227;576;Group;Air
228;663;Inc;Ground
229;663;Inc;Air
230;623;and Sons;Sea
231;663;Inc;Ground
232;460;LLC;Ground
233;576;Group;Air
234;733;Ltd;Ground
235;663;Inc;Air
236;663;Inc;Air
237;663;Inc;Sea
238;576;Group;Ground
239;663;Inc;Sea
240;733;Ltd;Sea
241;663;Inc;Sea
242;576;Group;Air
243;663;Inc;Air
244;304;PLC;Ground
245;576;Group;Ground
246;304;PLC;Ground
247;663;Inc;Air
248;623;and Sons;Air
249;623;and Sons;Sea
250;733;Ltd;Air
251;460;LLC;Air
252;460;LLC;Sea
253;623;and Sons;Air
254;623;and Sons;Ground
255;576;Group;Sea
256;663;Inc;Air
257;623;and Sons;Air
258;623;and Sons;Ground
259;460;LLC;Air
260;733;Ltd;Air
261;733;Ltd;Ground
262;304;PLC;Sea
263;576;Group;Ground
264;623;and Sons;Sea
265;304;PLC;Sea
266;663;Inc;Sea
267;733;Ltd;Air
268;733;Ltd;Air
269;663;Inc;Ground
270;460;LLC;Air
271;304;PLC;Ground
272;733;Ltd;Ground
273;576;Group;Air
274;460;LLC;Air
275;576;Group;Sea
276;576;Group;Ground
277;663;Inc;Ground
278;576;Group;Sea
279;460;LLC;Sea
280;576;Group;Air
281;733;Ltd;Sea
282;460;LLC;Air
283;304;PLC;Air
284;460;LLC;Ground
285;623;and Sons;Air
286;460;LLC;Sea
287;576;Group;Ground
288;733;Ltd;Sea
289;576;Group;Sea
290;623;and Sons;Air
291;576;Group;Ground
292;623;and Sons;Sea
293;304;PLC;Ground
294;733;Ltd;Air
295;623;and Sons;Ground
296;623;and Sons;Ground
297;733;Ltd;Air
298;733;Ltd;Sea
299;623;and Sons;Air
300;733;Ltd;Ground
301;304;PLC;Ground
302;623;and Sons;Sea
303;304;PLC;Air
304;733;Ltd;Ground
305;733;Ltd;Air
306;460;LLC;Air
307;623;and Sons;Sea
308;460;LLC;Ground
309;623;and Sons;Sea
310;576;Group;Air
311;576;Group;Ground
312;663;Inc;Air
313;460;LLC;Ground
314;733;Ltd;Sea
315;623;and Sons;Sea
316;304;PLC;Ground
317;623;and Sons;Sea
318;663;Inc;Air
319;460;LLC;Air
320;733;Ltd;Ground
321;663;Inc;Ground
322;576;Group;Air
323;733;Ltd;Air
324;733;Ltd;Air
325;576;Group;Air
326;733;Ltd;Sea
327;460;LLC;Air
328;304;PLC;Air
329;623;and Sons;Ground
330;623;and Sons;Ground
331;623;and Sons;Air
332;576;Group;Sea
333;304;PLC;Sea
334;576;Group;Air
335;576;Group;Ground
336;460;LLC;Sea
337;304;PLC;Sea
338;460;LLC;Ground
339;623;and Sons;Ground
340;304;PLC;Ground
341;623;and Sons;Ground
342;576;Group;Ground
343;304;PLC;Air
344;623;and Sons;Sea
345;663;Inc;Air
346;460;LLC;Air
347;460;LLC;Ground
348;733;Ltd;Ground
349;576;Group;Ground
350;663;Inc;Sea
351;460;LLC;Air
352;733;Ltd;Air
353;733;Ltd;Ground
354;576;Group;Air
355;623;and Sons;Ground
356;623;and Sons;Sea
357;733;Ltd;Air
358;304;PLC;Air
359;663;Inc;Sea
360;623;and Sons;Air
361;733;Ltd;Ground
362;623;and Sons;Ground
363;663;Inc;Sea
364;304;PLC;Sea
365;623;and Sons;Air
366;623;and Sons;Air
367;304;PLC;Air
368;733;Ltd;Sea
369;460;LLC;Air
370;460;LLC;Air
371;576;Group;Ground
372;623;and Sons;Sea
373;733;Ltd;Air
374;304;PLC;Ground
375;733;Ltd;Air
376;733;Ltd;Sea
377;576;Group;Sea
378;663;Inc;Ground
379;304;PLC;Air
380;663;Inc;Ground
381;663;Inc;Air
382;460;LLC;Ground
383;733;Ltd;Sea
384;733;Ltd;Air
385;663;Inc;Sea
386;576;Group;Air
387;733;Ltd;Air
388;623;and Sons;Air
389;733;Ltd;Air
390;460;LLC;Sea
391;460;LLC;Air
392;576;Group;Air
393;623;and Sons;Ground
394;304;PLC;Air
395;460;LLC;Ground
396;460;LLC;Sea
397;304;PLC;Sea
398;304;PLC;Sea
399;733;Ltd;Sea
400;460;LLC;Ground
401;576;Group;Air
402;304;PLC;Air
403;663;Inc;Sea
404;460;LLC;Air
405;576;Group;Ground
406;576;Group;Ground
407;733;Ltd;Air
408;460;LLC;Sea
409;623;and Sons;Ground
410;576;Group;Ground
411;663;Inc;Air
412;576;Group;Sea
413;733;Ltd;Ground
414;460;LLC;Air
415;304;PLC;Ground
416;304;PLC;Air
417;304;PLC;Ground
418;623;and Sons;Air
419;623;and Sons;Sea
420;623;and Sons;Sea
421;304;PLC;Sea
422;663;Inc;Sea
423;460;LLC;Air
424;733;Ltd;Air
425;460;LLC;Air
426;623;and Sons;Air
427;460;LLC;Ground
428;663;Inc;Sea
429;460;LLC;Sea
430;304;PLC;Ground
431;460;LLC;Sea
432;304;PLC;Air
433;663;Inc;Ground
434;663;Inc;Air
435;304;PLC;Sea
436;623;and Sons;Sea
437;576;Group;Ground
438;663;Inc;Sea
439;663;Inc;Sea
440;460;LLC;Air
441;304;PLC;Air
442;304;PLC;Sea
443;623;and Sons;Air
444;460;LLC;Sea
445;623;and Sons;Ground
446;304;PLC;Air
447;623;and Sons;Ground
448;304;PLC;Sea
449;304;PLC;Sea
450;576;Group;Sea
451;576;Group;Ground
452;576;Group;Ground
453;576;Group;Air
454;576;Group;Sea
455;576;Group;Ground
456;304;PLC;Ground
457;623;and Sons;Sea
458;663;Inc;Ground
459;623;and Sons;Air
460;623;and Sons;Sea
461;623;and Sons;Ground
462;304;PLC;Ground
463;304;PLC;Ground
464;576;Group;Ground
465;576;Group;Ground
466;460;LLC;Air
467;733;Ltd;Air
468;460;LLC;Ground
469;304;PLC;Ground
470;304;PLC;Air
471;304;PLC;Air
472;663;Inc;Sea
473;460;LLC;Ground
474;304;PLC;Ground
475;663;Inc;Ground
476;663;Inc;Ground
477;623;and Sons;Ground
478;623;and Sons;Sea
479;460;LLC;Air
480;460;LLC;Sea
481;460;LLC;Sea
482;663;Inc;Air
483;460;LLC;Sea
484;304;PLC;Sea
485;576;Group;Air
486;304;PLC;Air
487;460;LLC;Air
488;576;Group;Air
489;576;Group;Air
490;460;LLC;Sea
491;304;PLC;Ground
492;460;LLC;Air
493;576;Group;Air
494;304;PLC;Ground
495;304;PLC;Ground
496;663;Inc;Air
497;733;Ltd;Ground
498;623;and Sons;Sea
499;733;Ltd;Ground
500;576;Group;Air
501;623;and Sons;Air
502;733;Ltd;Ground
503;576;Group;Ground
504;460;LLC;Ground
505;733;Ltd;Air
506;623;and Sons;Air
507;663;Inc;Sea
508;623;and Sons;Ground
509;663;Inc;Ground
510;576;Group;Sea
511;576;Group;Sea
512;576;Group;Ground
513;663;Inc;Sea
514;623;and Sons;Air
515;576;Group;Sea
516;304;PLC;Sea
517;304;PLC;Air
518;663;Inc;Sea
519;663;Inc;Ground
520;304;PLC;Ground
521;576;Group;Air
522;733;Ltd;Ground
523;663;Inc;Air
524;460;LLC;Sea
525;733;Ltd;Ground
526;623;and Sons;Ground
527;623;and Sons;Air
528;733;Ltd;Ground
529;304;PLC;Sea
530;663;Inc;Air
531;733;Ltd;Ground
532;623;and Sons;Sea
533;576;Group;Air
534;304;PLC;Ground
535;576;Group;Sea
536;663;Inc;Ground
537;304;PLC;Ground
538;460;LLC;Air
539;460;LLC;Ground
540;460;LLC;Ground
541;663;Inc;Sea
542;304;PLC;Air
543;733;Ltd;Sea
544;623;and Sons;Ground
545;623;and Sons;Sea
546;576;Group;Sea
547;460;LLC;Air
548;663;Inc;Air
549;623;and Sons;Ground
550;733;Ltd;Sea
551;576;Group;Air
552;304;PLC;Ground
553;460;LLC;Air
554;623;and Sons;Air
555;663;Inc;Sea
556;576;Group;Ground
557;460;LLC;Sea
558;304;PLC;Ground
559;733;Ltd;Ground
560;576;Group;Sea
561;304;PLC;Sea
562;304;PLC;Air
563;733;Ltd;Ground
564;623;and Sons;Air
565;623;and Sons;Sea
566;460;LLC;Ground
567;623;and Sons;Sea
568;304;PLC;Sea
569;733;Ltd;Air
570;663;Inc;Sea
571;460;LLC;Air
572;733;Ltd;Ground
573;623;and Sons;Air
574;460;LLC;Air
575;460;LLC;Ground
576;733;Ltd;Ground
577;576;Group;Ground
578;623;and Sons;Air
579;576;Group;Ground
580;304;PLC;Air
581;623;and Sons;Sea
582;663;Inc;Ground
583;623;and Sons;Sea
584;663;Inc;Air
585;733;Ltd;Ground
586;304;PLC;Ground
587;623;and Sons;Ground
588;733;Ltd;Air
589;733;Ltd;Ground
590;733;Ltd;Ground
591;733;Ltd;Sea
592;304;PLC;Sea
593;663;Inc;Air
594;733;Ltd;Sea
595;623;and Sons;Air
596;576;Group;Air
597;304;PLC;Ground
598;663;Inc;Sea
599;304;PLC;Air
600;304;PLC;Sea
601;733;Ltd;Air
602;623;and Sons;Ground
603;623;and Sons;Sea
604;304;PLC;Ground
605;623;and Sons;Sea
606;576;Group;Sea
607;304;PLC;Sea
608;576;Group;Air
609;623;and Sons;Ground
610;733;Ltd;Ground
611;663;Inc;Ground
612;623;and Sons;Air
613;304;PLC;Ground
614;576;Group;Sea
615;663;Inc;Sea
616;663;Inc;Sea
617;576;Group;Sea
618;733;Ltd;Sea
619;460;LLC;Sea
620;460;LLC;Air
621;304;PLC;Air
622;663;Inc;Ground
623;733;Ltd;Ground
624;460;LLC;Air
625;460;LLC;Ground
626;576;Group;Air
627;623;and Sons;Sea
628;733;Ltd;Ground
629;733;Ltd;Air
630;733;Ltd;Ground
631;576;Group;Air
632;304;PLC;Sea
633;304;PLC;Air
634;576;Group;Sea
635;304;PLC;Sea
636;733;Ltd;Ground
637;663;Inc;Ground
638;663;Inc;Ground
639;663;Inc;Sea
640;304;PLC;Ground
641;623;and Sons;Sea
642;623;and Sons;Air
643;460;LLC;Ground
644;304;PLC;Sea
645;304;PLC;Ground
646;623;and Sons;Sea
647;663;Inc;Sea
648;733;Ltd;Air
649;576;Group;Air
650;460;LLC;Sea
651;623;and Sons;Ground
652;304;PLC;Ground
653;733;Ltd;Ground
654;623;and Sons;Ground
655;576;Group;Ground
656;576;Group;Ground
657;663;Inc;Ground
658;576;Group;Sea
659;576;Group;Air
660;663;Inc;Ground
661;576;Group;Sea
662;460;LLC;Air
663;304;PLC;Air
664;304;PLC;Ground
665;623;and Sons;Air
666;663;Inc;Air
667;460;LLC;Sea
668;460;LLC;Air
669;733;Ltd;Sea
670;576;Group;Ground
671;460;LLC;Ground
672;576;Group;Ground
673;623;and Sons;Sea
674;623;and Sons;Sea
675;576;Group;Air
676;733;Ltd;Air
677;663;Inc;Air
678;576;Group;Ground
679;304;PLC;Air
680;460;LLC;Ground
681;576;Group;Ground
682;663;Inc;Air
683;576;Group;Air
684;733;Ltd;Ground
685;733;Ltd;Ground
686;460;LLC;Ground
687;576;Group;Ground
688;460;LLC;Sea
689;663;Inc;Sea
690;576;Group;Air
691;733;Ltd;Ground
692;576;Group;Air
693;460;LLC;Ground
694;304;PLC;Sea
695;663;Inc;Ground
696;733;Ltd;Sea
697;623;and Sons;Air
698;304;PLC;Ground
699;304;PLC;Sea
700;460;LLC;Ground
701;623;and Sons;Air
702;304;PLC;Air
703;623;and Sons;Sea
704;623;and Sons;Ground
705;733;Ltd;Air
706;623;and Sons;Air
707;576;Group;Ground
708;733;Ltd;Sea
709;304;PLC;Sea
710;733;Ltd;Ground
711;623;and Sons;Air
712;733;Ltd;Ground
713;460;LLC;Air
714;663;Inc;Air
715;663;Inc;Ground
716;460;LLC;Air
717;663;Inc;Sea
718;576;Group;Sea
719;623;and Sons;Ground
720;733;Ltd;Sea
721;663;Inc;Sea
722;304;PLC;Ground
723;623;and Sons;Sea
724;733;Ltd;Sea
725;576;Group;Air
726;576;Group;Sea
727;460;LLC;Air
728;576;Group;Ground
729;576;Group;Ground
730;623;and Sons;Sea
731;623;and Sons;Sea
732;304;PLC;Sea
733;623;and Sons;Air
734;733;Ltd;Ground
735;576;Group;Air
736;576;Group;Ground
737;663;Inc;Ground
738;576;Group;Ground
739;576;Group;Ground
740;623;and Sons;Sea
741;304;PLC;Air
742;304;PLC;Air
743;623;and Sons;Ground
744;304;PLC;Sea
745;304;PLC;Air
746;460;LLC;Air
747;576;Group;Sea
748;576;Group;Air
749;733;Ltd;Air
750;663;Inc;Air
751;663;Inc;Ground
752;304;PLC;Air
753;663;Inc;Ground
754;460;LLC;Air
755;460;LLC;Sea
756;623;and Sons;Sea
757;623;and Sons;Air
758;663;Inc;Sea
759;304;PLC;Sea
760;304;PLC;Sea
761;663;Inc;Ground
762;576;Group;Air
763;576;Group;Ground
764;304;PLC;Ground
765;623;and Sons;Air
766;576;Group;Air
767;460;LLC;Ground
768;304;PLC;Sea
769;576;Group;Ground
770;663;Inc;Air
771;733;Ltd;Ground
772;663;Inc;Ground
773;304;PLC;Sea
774;576;Group;Air
775;663;Inc;Sea
776;460;LLC;Ground
777;576;Group;Sea
778;623;and Sons;Ground
779;460;LLC;Air
780;576;Group;Ground
781;576;Group;Air
782;733;Ltd;Ground
783;663;Inc;Sea
784;733;Ltd;Sea
785;623;and Sons;Ground
786;460;LLC;Air
787;663;Inc;Air
788;623;and Sons;Sea
789;460;LLC;Ground
790;663;Inc;Sea
791;623;and Sons;Sea
792;576;Group;Sea
793;460;LLC;Ground
794;460;LLC;Air
795;733;Ltd;Sea
796;663;Inc;Air
797;733;Ltd;Sea
798;304;PLC;Sea
799;460;LLC;Air
800;576;Group;Air
801;663;Inc;Ground
802;460;LLC;Ground
803;623;and Sons;Air
804;460;LLC;Ground
805;304;PLC;Ground
806;304;PLC;Sea
807;460;LLC;Air
808;304;PLC;Air
809;663;Inc;Air
810;576;Group;Sea
811;623;and Sons;Ground
812;460;LLC;Sea
813;460;LLC;Ground
814;304;PLC;Sea
815;304;PLC;Sea
816;460;LLC;Sea
817;304;PLC;Air
818;623;and Sons;Air
819;304;PLC;Ground
820;733;Ltd;Air
821;623;and Sons;Ground
822;623;and Sons;Air
823;623;and Sons;Sea
824;623;and Sons;Sea
825;576;Group;Air
826;623;and Sons;Ground
827;623;and Sons;Air
828;304;PLC;Sea
829;576;Group;Sea
830;460;LLC;Air
831;304;PLC;Sea
832;623;and Sons;Air
833;733;Ltd;Ground
834;733;Ltd;Air
835;623;and Sons;Ground
836;733;Ltd;Sea
837;623;and Sons;Sea
838;623;and Sons;Air
839;304;PLC;Ground
840;304;PLC;Sea
841;733;Ltd;Air
842;623;and Sons;Air
843;663;Inc;Ground
844;623;and Sons;Sea
845;576;Group;Air
846;663;Inc;Sea
847;304;PLC;Sea
848;576;Group;Ground
849;460;LLC;Ground
850;733;Ltd;Sea
851;576;Group;Ground
852;304;PLC;Air
853;576;Group;Ground
854;460;LLC;Air
855;663;Inc;Air
856;460;LLC;Ground
857;576;Group;Ground
858;623;and Sons;Ground
859;576;Group;Sea
860;663;Inc;Sea
861;623;and Sons;Air
862;576;Group;Air
863;460;LLC;Ground
864;576;Group;Ground
865;576;Group;Sea
866;304;PLC;Ground
867;460;LLC;Ground
868;576;Group;Air
869;576;Group;Sea
870;663;Inc;Sea
871;304;PLC;Air
872;576;Group;Air
873;623;and Sons;Ground
874;623;and Sons;Sea
875;623;and Sons;Ground
876;576;Group;Ground
877;733;Ltd;Air
878;623;and Sons;Sea
879;304;PLC;Ground
880;460;LLC;Ground
881;304;PLC;Ground
882;576;Group;Air
883;460;LLC;Ground
884;576;Group;Sea
885;623;and Sons;Air
886;460;LLC;Ground
887;623;and Sons;Sea
888;623;and Sons;Ground
889;733;Ltd;Air
890;576;Group;Ground
891;576;Group;Sea
892;733;Ltd;Sea
893;304;PLC;Sea
894;576;Group;Air
895;576;Group;Sea
896;576;Group;Air
897;623;and Sons;Ground
898;623;and Sons;Air
899;733;Ltd;Air
900;304;PLC;Air
901;460;LLC;Sea
902;460;LLC;Air
903;304;PLC;Air
904;576;Group;Ground
905;460;LLC;Ground
906;623;and Sons;Ground
907;733;Ltd;Ground
908;304;PLC;Ground
909;304;PLC;Ground
910;733;Ltd;Air
911;623;and Sons;Sea
912;304;PLC;Ground
913;663;Inc;Ground
914;663;Inc;Sea
915;304;PLC;Ground
916;304;PLC;Sea
917;304;PLC;Sea
918;460;LLC;Sea
919;576;Group;Ground
920;663;Inc;Air
921;304;PLC;Air
922;576;Group;Ground
923;460;LLC;Sea
924;663;Inc;Air
925;304;PLC;Ground
926;460;LLC;Air
927;576;Group;Air
928;733;Ltd;Sea
929;460;LLC;Sea
930;460;LLC;Sea
931;576;Group;Sea
932;460;LLC;Sea
933;460;LLC;Ground
934;576;Group;Air
935;576;Group;Sea
936;460;LLC;Air
937;663;Inc;Sea
938;623;and Sons;Sea
939;460;LLC;Air
940;623;and Sons;Air
941;576;Group;Air
942;460;LLC;Sea
943;460;LLC;Sea
944;460;LLC;Air
945;733;Ltd;Ground
946;733;Ltd;Ground
947;304;PLC;Sea
948;623;and Sons;Air
949;663;Inc;Sea
950;460;LLC;Ground
951;460;LLC;Ground
952;576;Group;Ground
953;623;and Sons;Ground
954;576;Group;Air
955;733;Ltd;Ground
956;733;Ltd;Air
957;460;LLC;Sea
958;304;PLC;Sea
959;663;Inc;Ground
960;663;Inc;Sea
961;663;Inc;Ground
962;460;LLC;Ground
963;663;Inc;Air
964;460;LLC;Air
965;733;Ltd;Air
966;733;Ltd;Ground
967;733;Ltd;Sea
968;304;PLC;Air
969;576;Group;Air
970;460;LLC;Air
971;733;Ltd;Ground
972;576;Group;Ground
973;304;PLC;Sea
974;663;Inc;Ground
975;304;PLC;Ground
976;304;PLC;Air
977;576;Group;Ground
978;733;Ltd;Air
979;663;Inc;Sea
980;304;PLC;Sea
981;733;Ltd;Ground
982;460;LLC;Air
983;304;PLC;Ground
984;460;LLC;Air
985;304;PLC;Air
986;733;Ltd;Air
987;663;Inc;Air
988;460;LLC;Air
989;733;Ltd;Air
990;733;Ltd;Air
991;623;and Sons;Air
992;304;PLC;Sea
993;576;Group;Ground
994;663;Inc;Sea
995;576;Group;Air
996;460;LLC;Air
997;304;PLC;Air
998;460;LLC;Air
999;460;LLC;Ground
1000;663;Inc;Air
1001;460;LLC;Sea
1002;304;PLC;Ground
1003;460;LLC;Air
1004;460;LLC;Air
1005;576;Group;Sea
1006;304;PLC;Ground
1007;623;and Sons;Air
1008;460;LLC;Air
1009;460;LLC;Ground
1010;304;PLC;Ground
1011;460;LLC;Ground
1012;304;PLC;Sea
1013;460;LLC;Ground
1014;460;LLC;Air
1015;460;LLC;Ground
1016;576;Group;Sea
1017;460;LLC;Ground
1018;623;and Sons;Air
1019;460;LLC;Ground
1020;304;PLC;Sea
1021;576;Group;Air
1022;623;and Sons;Air
1023;663;Inc;Sea
1024;733;Ltd;Sea
1025;623;and Sons;Sea
1026;733;Ltd;Air
1027;460;LLC;Sea
1028;623;and Sons;Sea
1029;304;PLC;Ground
1030;460;LLC;Air
1031;576;Group;Air
1032;304;PLC;Sea
1033;733;Ltd;Ground
1034;733;Ltd;Ground
1035;576;Group;Sea
1036;460;LLC;Air
1037;663;Inc;Air
1038;304;PLC;Ground
1039;663;Inc;Ground
1040;460;LLC;Ground
1041;304;PLC;Sea
1042;460;LLC;Sea
1043;460;LLC;Sea
1044;623;and Sons;Sea
1045;623;and Sons;Sea
1046;623;and Sons;Ground
1047;576;Group;Sea
1048;733;Ltd;Sea
1049;733;Ltd;Air
1050;663;Inc;Air
1051;460;LLC;Air
1052;576;Group;Air
1053;623;and Sons;Air
1054;576;Group;Ground
1055;663;Inc;Sea
1056;733;Ltd;Ground
1057;576;Group;Air
1058;663;Inc;Ground
1059;304;PLC;Air
1060;663;Inc;Ground
1061;663;Inc;Air
1062;576;Group;Ground
1063;460;LLC;Air
1064;663;Inc;Air
1065;304;PLC;Ground
1066;733;Ltd;Air
1067;460;LLC;Ground
1068;623;and Sons;Sea
1069;733;Ltd;Ground
1070;623;and Sons;Ground
1071;623;and Sons;Sea
1072;304;PLC;Sea
1073;304;PLC;Air
1074;304;PLC;Ground
1075;576;Group;Air
1076;304;PLC;Air
1077;304;PLC;Air
1078;663;Inc;Air
1079;733;Ltd;Sea
1080;623;and Sons;Air
1081;576;Group;Air
1082;623;and Sons;Ground
1083;576;Group;Sea
1084;460;LLC;Air
1085;304;PLC;Sea
1086;623;and Sons;Air
1087;663;Inc;Air
1088;460;LLC;Ground
1089;733;Ltd;Ground
1090;663;Inc;Ground
1091;460;LLC;Ground
1092;460;LLC;Air
1093;663;Inc;Ground
1094;576;Group;Air
1095;460;LLC;Ground
1096;733;Ltd;Ground
1097;304;PLC;Air
1098;733;Ltd;Sea
1099;733;Ltd;Sea
1100;663;Inc;Air
1101;663;Inc;Sea
1102;304;PLC;Air
1103;576;Group;Air
1104;623;and Sons;Air
1105;460;LLC;Air
1106;663;Inc;Sea
1107;460;LLC;Ground
1108;623;and Sons;Sea
1109;304;PLC;Ground
1110;576;Group;Air
1111;733;Ltd;Air
1112;623;and Sons;Air
1113;460;LLC;Sea
1114;460;LLC;Air
1115;663;Inc;Ground
1116;576;Group;Ground
1117;576;Group;Ground
1118;623;and Sons;Air
1119;623;and Sons;Ground
1120;623;and Sons;Air
1121;460;LLC;Air
1122;623;and Sons;Ground
1123;304;PLC;Ground
1124;304;PLC;Air
1125;576;Group;Air
1126;304;PLC;Ground
1127;576;Group;Air
1128;733;Ltd;Sea
1129;733;Ltd;Ground
1130;623;and Sons;Air
1131;733;Ltd;Sea
1132;733;Ltd;Ground
1133;576;Group;Ground
1134;576;Group;Sea
1135;663;Inc;Air
1136;460;LLC;Air
1137;623;and Sons;Ground
1138;733;Ltd;Ground
1139;460;LLC;Air
1140;304;PLC;Air
1141;663;Inc;Air
1142;733;Ltd;Air
1143;304;PLC;Ground
1144;733;Ltd;Ground
1145;623;and Sons;Sea
1146;623;and Sons;Sea
1147;460;LLC;Ground
1148;576;Group;Sea
1149;576;Group;Ground
1150;623;and Sons;Air
1151;576;Group;Sea
1152;304;PLC;Ground
1153;733;Ltd;Sea
1154;460;LLC;Sea
1155;460;LLC;Ground
1156;576;Group;Sea
1157;576;Group;Ground
1158;733;Ltd;Air
1159;623;and Sons;Ground
1160;663;Inc;Air
1161;460;LLC;Air
1162;304;PLC;Sea
1163;733;Ltd;Air
1164;460;LLC;Ground
1165;733;Ltd;Ground
1166;623;and Sons;Air
1167;733;Ltd;Air
1168;733;Ltd;Ground
1169;663;Inc;Air
1170;304;PLC;Sea
1171;304;PLC;Ground
1172;733;Ltd;Air
1173;623;and Sons;Ground
1174;623;and Sons;Air
1175;576;Group;Sea
1176;304;PLC;Sea
1177;663;Inc;Air
1178;576;Group;Sea
1179;304;PLC;Sea
1180;663;Inc;Sea
1181;733;Ltd;Sea
1182;576;Group;Sea
1183;733;Ltd;Ground
1184;304;PLC;Air
1185;576;Group;Air
1186;460;LLC;Sea
1187;663;Inc;Ground
1188;623;and Sons;Sea
1189;576;Group;Sea
1190;576;Group;Sea
1191;623;and Sons;Ground
1192;576;Group;Ground
1193;623;and Sons;Sea
1194;460;LLC;Sea
1195;663;Inc;Air
1196;460;LLC;Sea
1197;304;PLC;Sea
1198;623;and Sons;Sea
1199;663;Inc;Ground
1200;576;Group;Ground
1201;576;Group;Ground
1202;733;Ltd;Sea
1203;663;Inc;Ground
1204;576;Group;Ground
1205;460;LLC;Air
1206;304;PLC;Air
1207;304;PLC;Ground
1208;733;Ltd;Ground
1209;460;LLC;Ground
1210;663;Inc;Air
1211;304;PLC;Ground
1212;460;LLC;Ground
1213;304;PLC;Sea
1214;663;Inc;Air
1215;576;Group;Air
1216;576;Group;Air
1217;304;PLC;Ground
1218;576;Group;Air
1219;460;LLC;Ground
1220;576;Group;Ground
1221;663;Inc;Air
1222;733;Ltd;Air
1223;733;Ltd;Sea
1224;460;LLC;Ground
1225;623;and Sons;Ground
1226;304;PLC;Ground
1227;733;Ltd;Air
1228;623;and Sons;Ground
1229;663;Inc;Air
1230;304;PLC;Air
1231;733;Ltd;Air
1232;663;Inc;Sea
1233;733;Ltd;Ground
1234;460;LLC;Sea
1235;460;LLC;Ground
1236;304;PLC;Air
1237;623;and Sons;Ground
1238;304;PLC;Ground
1239;576;Group;Air
1240;460;LLC;Ground
1241;663;Inc;Sea
1242;623;and Sons;Ground
1243;304;PLC;Ground
1244;663;Inc;Sea
1245;576;Group;Ground
1246;623;and Sons;Ground
1247;460;LLC;Sea
1248;304;PLC;Ground
1249;304;PLC;Air
1250;460;LLC;Air
1251;460;LLC;Air
1252;576;Group;Air
1253;733;Ltd;Sea
1254;304;PLC;Air
1255;663;Inc;Air
1256;304;PLC;Air
1257;663;Inc;Sea
1258;663;Inc;Air
1259;733;Ltd;Sea
1260;663;Inc;Sea
1261;623;and Sons;Sea
1262;304;PLC;Sea
1263;460;LLC;Sea
1264;304;PLC;Sea
1265;733;Ltd;Air
1266;460;LLC;Air
1267;576;Group;Sea
1268;623;and Sons;Air
1269;576;Group;Ground
1270;576;Group;Air
1271;733;Ltd;Air
1272;304;PLC;Sea
1273;576;Group;Ground
1274;460;LLC;Ground
1275;623;and Sons;Ground
1276;733;Ltd;Ground
1277;623;and Sons;Sea
1278;304;PLC;Sea
1279;304;PLC;Sea
1280;304;PLC;Air
1281;576;Group;Air
1282;304;PLC;Ground
1283;460;LLC;Sea
1284;733;Ltd;Sea
1285;460;LLC;Sea
1286;460;LLC;Air
1287;623;and Sons;Sea
1288;304;PLC;Air
1289;304;PLC;Air
1290;733;Ltd;Sea
1291;623;and Sons;Sea
1292;304;PLC;Sea
1293;460;LLC;Sea
1294;576;Group;Air
1295;576;Group;Air
1296;460;LLC;Sea
1297;623;and Sons;Sea
1298;576;Group;Air
1299;733;Ltd;Ground
1300;733;Ltd;Sea
1301;663;Inc;Ground
1302;623;and Sons;Air
1303;576;Group;Air
1304;576;Group;Air
1305;623;and Sons;Air
1306;663;Inc;Sea
1307;623;and Sons;Sea
1308;576;Group;Ground
1309;304;PLC;Sea
1310;460;LLC;Air
1311;733;Ltd;Air
1312;623;and Sons;Sea
1313;663;Inc;Ground
1314;733;Ltd;Ground
1315;623;and Sons;Air
1316;733;Ltd;Air
1317;663;Inc;Air
1318;576;Group;Sea
1319;733;Ltd;Air
1320;663;Inc;Sea
1321;663;Inc;Air
1322;460;LLC;Ground
1323;733;Ltd;Ground
1324;663;Inc;Air
1325;623;and Sons;Sea
1326;623;and Sons;Air
1327;304;PLC;Air
1328;663;Inc;Air
1329;460;LLC;Ground
1330;304;PLC;Ground
1331;460;LLC;Air
1332;576;Group;Air
1333;304;PLC;Ground
1334;623;and Sons;Air
1335;576;Group;Ground
1336;733;Ltd;Sea
1337;576;Group;Ground
1338;733;Ltd;Ground
1339;623;and Sons;Air
1340;663;Inc;Air
1341;576;Group;Sea
1342;663;Inc;Ground
1343;663;Inc;Air
1344;576;Group;Sea
1345;733;Ltd;Ground
1346;304;PLC;Ground
1347;304;PLC;Sea
1348;623;and Sons;Sea
1349;576;Group;Air
1350;576;Group;Sea
1351;304;PLC;Ground
1352;733;Ltd;Air
1353;460;LLC;Air
1354;663;Inc;Air
1355;733;Ltd;Ground
1356;623;and Sons;Sea
1357;663;Inc;Air
1358;663;Inc;Ground
1359;733;Ltd;Sea
1360;663;Inc;Ground
1361;304;PLC;Ground
1362;663;Inc;Sea
1363;623;and Sons;Air
1364;460;LLC;Ground
1365;623;and Sons;Sea
1366;733;Ltd;Ground
1367;576;Group;Air
1368;663;Inc;Ground
1369;576;Group;Sea
1370;460;LLC;Ground
1371;460;LLC;Ground
1372;576;Group;Air
1373;623;and Sons;Air
1374;304;PLC;Air
1375;576;Group;Air
1376;663;Inc;Ground
1377;304;PLC;Ground
1378;623;and Sons;Air
1379;460;LLC;Ground
1380;663;Inc;Ground
1381;576;Group;Air
1382;460;LLC;Sea
1383;304;PLC;Sea
1384;304;PLC;Air
1385;460;LLC;Air
1386;623;and Sons;Ground
1387;623;and Sons;Sea
1388;663;Inc;Ground
1389;663;Inc;Sea
1390;733;Ltd;Air
1391;576;Group;Ground
1392;304;PLC;Sea
1393;663;Inc;Air
1394;304;PLC;Air
1395;304;PLC;Air
1396;304;PLC;Ground
1397;623;and Sons;Air
1398;576;Group;Air
1399;576;Group;Air
1400;663;Inc;Air
1401;733;Ltd;Sea
1402;663;Inc;Air
1403;663;Inc;Air
1404;304;PLC;Air
1405;623;and Sons;Air
1406;663;Inc;Air
1407;623;and Sons;Ground
1408;733;Ltd;Sea
1409;623;and Sons;Air
1410;623;and Sons;Ground
1411;460;LLC;Air
1412;733;Ltd;Ground
1413;623;and Sons;Sea
1414;663;Inc;Sea
1415;663;Inc;Sea
1416;733;Ltd;Sea
1417;576;Group;Ground
1418;663;Inc;Ground
1419;733;Ltd;Air
1420;460;LLC;Air
1421;623;and Sons;Air
1422;576;Group;Sea
1423;733;Ltd;Ground
1424;623;and Sons;Air
1425;576;Group;Sea
1426;304;PLC;Sea
1427;304;PLC;Ground
1428;304;PLC;Air
1429;623;and Sons;Sea
1430;460;LLC;Air
1431;304;PLC;Air
1432;663;Inc;Ground
1433;733;Ltd;Sea
1434;663;Inc;Sea
1435;460;LLC;Sea
1436;460;LLC;Ground
1437;576;Group;Ground
1438;460;LLC;Air
1439;576;Group;Sea
1440;576;Group;Ground
1441;304;PLC;Air
1442;663;Inc;Ground
1443;623;and Sons;Air
1444;663;Inc;Sea
1445;663;Inc;Ground
1446;733;Ltd;Ground
1447;576;Group;Air
1448;663;Inc;Air
1449;623;and Sons;Sea
1450;623;and Sons;Ground
1451;663;Inc;Air
1452;733;Ltd;Sea
1453;733;Ltd;Ground
1454;576;Group;Air
1455;623;and Sons;Air
1456;663;Inc;Sea
1457;733;Ltd;Air
1458;304;PLC;Ground
1459;304;PLC;Sea
1460;623;and Sons;Air
1461;304;PLC;Ground
1462;663;Inc;Ground
1463;460;LLC;Ground
1464;304;PLC;Air
1465;663;Inc;Ground
1466;460;LLC;Ground
1467;576;Group;Ground
1468;304;PLC;Sea
1469;623;and Sons;Air
1470;576;Group;Air
1471;460;LLC;Sea
1472;733;Ltd;Sea
1473;576;Group;Air
1474;576;Group;Ground
1475;733;Ltd;Ground
1476;733;Ltd;Ground
1477;733;Ltd;Sea
1478;663;Inc;Air
1479;663;Inc;Sea
1480;623;and Sons;Ground
1481;576;Group;Sea
1482;304;PLC;Sea
1483;623;and Sons;Sea
1484;576;Group;Ground
1485;304;PLC;Air
1486;460;LLC;Sea
1487;460;LLC;Sea
1488;733;Ltd;Air
1489;663;Inc;Ground
1490;663;Inc;Air
1491;663;Inc;Sea
1492;460;LLC;Air
1493;623;and Sons;Air
1494;576;Group;Air
1495;460;LLC;Sea
1496;576;Group;Ground
1497;733;Ltd;Air
1498;460;LLC;Air
1499;304;PLC;Air
1500;733;Ltd;Sea
1501;733;Ltd;Sea
1502;460;LLC;Ground
1503;663;Inc;Sea
1504;733;Ltd;Air
1505;460;LLC;Sea
1506;576;Group;Sea
1507;460;LLC;Ground
1508;733;Ltd;Air
1509;623;and Sons;Ground
1510;663;Inc;Sea
1511;663;Inc;Ground
1512;663;Inc;Sea
1513;460;LLC;Ground
1514;733;Ltd;Ground
1515;733;Ltd;Sea
1516;623;and Sons;Sea
1517;733;Ltd;Air
1518;663;Inc;Ground
1519;304;PLC;Ground
1520;733;Ltd;Ground
1521;733;Ltd;Sea
1522;576;Group;Ground
1523;663;Inc;Ground
1524;663;Inc;Ground
1525;304;PLC;Ground
1526;733;Ltd;Ground
1527;576;Group;Sea
1528;304;PLC;Ground
1529;663;Inc;Sea
1530;460;LLC;Ground
1531;576;Group;Sea
1532;623;and Sons;Sea
1533;623;and Sons;Air
1534;576;Group;Air
1535;460;LLC;Air
1536;576;Group;Air
1537;304;PLC;Sea
1538;304;PLC;Sea
1539;304;PLC;Ground
1540;733;Ltd;Sea
1541;576;Group;Air
1542;304;PLC;Ground
1543;623;and Sons;Air
1544;460;LLC;Air
1545;733;Ltd;Air
1546;460;LLC;Air
1547;733;Ltd;Ground
1548;663;Inc;Air
1549;623;and Sons;Sea
1550;304;PLC;Ground
1551;733;Ltd;Air
1552;623;and Sons;Sea
1553;623;and Sons;Air
1554;460;LLC;Ground
1555;733;Ltd;Sea
1556;663;Inc;Air
1557;623;and Sons;Ground
1558;576;Group;Ground
1559;576;Group;Ground
1560;304;PLC;Sea
1561;576;Group;Air
1562;733;Ltd;Air
1563;733;Ltd;Ground
1564;623;and Sons;Air
1565;663;Inc;Air
1566;460;LLC;Ground
1567;733;Ltd;Ground
1568;623;and Sons;Air
1569;304;PLC;Sea
1570;304;PLC;Ground
1571;576;Group;Ground
1572;663;Inc;Air
1573;623;and Sons;Ground
1574;576;Group;Air
1575;623;and Sons;Air
1576;623;and Sons;Ground
1577;576;Group;Sea
1578;304;PLC;Air
1579;576;Group;Ground
1580;623;and Sons;Ground
1581;576;Group;Ground
1582;623;and Sons;Ground
1583;733;Ltd;Air
1584;623;and Sons;Ground
1585;304;PLC;Air
1586;623;and Sons;Ground
1587;304;PLC;Sea
1588;460;LLC;Ground
1589;304;PLC;Air
1590;663;Inc;Ground
1591;623;and Sons;Sea
1592;623;and Sons;Air
1593;576;Group;Ground
1594;576;Group;Ground
1595;663;Inc;Ground
1596;460;LLC;Ground
1597;460;LLC;Ground
1598;733;Ltd;Ground
1599;576;Group;Air
1600;460;LLC;Air
1601;460;LLC;Sea
1602;304;PLC;Sea
1603;733;Ltd;Air
1604;460;LLC;Sea
1605;304;PLC;Air
1606;304;PLC;Air
1607;733;Ltd;Ground
1608;623;and Sons;Air
1609;304;PLC;Air
1610;663;Inc;Ground
1611;304;PLC;Sea
1612;623;and Sons;Air
1613;304;PLC;Air
1614;663;Inc;Ground
1615;304;PLC;Air
1616;623;and Sons;Ground
1617;304;PLC;Air
1618;663;Inc;Ground
1619;663;Inc;Air
1620;733;Ltd;Sea
1621;576;Group;Sea
1622;623;and Sons;Air
1623;576;Group;Ground
1624;623;and Sons;Sea
1625;460;LLC;Air
1626;460;LLC;Ground
1627;460;LLC;Sea
1628;733;Ltd;Ground
1629;663;Inc;Sea
1630;460;LLC;Ground
1631;733;Ltd;Air
1632;576;Group;Sea
1633;460;LLC;Ground
1634;623;and Sons;Ground
1635;663;Inc;Ground
1636;623;and Sons;Air
1637;304;PLC;Air
1638;304;PLC;Air
1639;623;and Sons;Ground
1640;304;PLC;Ground
1641;304;PLC;Air
1642;663;Inc;Sea
1643;576;Group;Ground
1644;623;and Sons;Ground
1645;304;PLC;Sea
1646;663;Inc;Ground
1647;304;PLC;Air
1648;576;Group;Sea
1649;304;PLC;Ground
1650;576;Group;Air
1651;733;Ltd;Sea
1652;576;Group;Sea
1653;663;Inc;Ground
1654;733;Ltd;Air
1655;663;Inc;Sea
1656;304;PLC;Ground
1657;623;and Sons;Air
1658;663;Inc;Sea
1659;460;LLC;Air
1660;623;and Sons;Sea
1661;460;LLC;Sea
1662;623;and Sons;Air
1663;576;Group;Air
1664;663;Inc;Air
1665;576;Group;Sea
1666;623;and Sons;Sea
1667;663;Inc;Air
1668;576;Group;Ground
1669;460;LLC;Ground
1670;733;Ltd;Ground
1671;623;and Sons;Sea
1672;623;and Sons;Air
1673;623;and Sons;Air
1674;304;PLC;Ground
1675;663;Inc;Sea
1676;304;PLC;Air
1677;663;Inc;Sea
1678;733;Ltd;Air
1679;733;Ltd;Ground
1680;733;Ltd;Ground
1681;460;LLC;Sea
1682;623;and Sons;Sea
1683;623;and Sons;Air
1684;460;LLC;Sea
1685;733;Ltd;Sea
1686;733;Ltd;Ground
1687;460;LLC;Ground
1688;733;Ltd;Ground
1689;623;and Sons;Sea
1690;304;PLC;Ground
1691;304;PLC;Air
1692;623;and Sons;Air
1693;663;Inc;Air
1694;460;LLC;Ground
1695;623;and Sons;Air
1696;460;LLC;Air
1697;304;PLC;Ground
1698;460;LLC;Air
1699;576;Group;Air
1700;733;Ltd;Ground
1701;663;Inc;Ground
1702;460;LLC;Air
1703;304;PLC;Air
1704;460;LLC;Air
1705;460;LLC;Sea
1706;733;Ltd;Air
1707;460;LLC;Sea
1708;460;LLC;Air
1709;576;Group;Ground
1710;733;Ltd;Air
1711;460;LLC;Sea
1712;304;PLC;Air
1713;733;Ltd;Ground
1714;663;Inc;Sea
1715;623;and Sons;Air
1716;304;PLC;Ground
1717;304;PLC;Sea
1718;623;and Sons;Air
1719;304;PLC;Sea
1720;733;Ltd;Sea
1721;576;Group;Sea
1722;460;LLC;Air
1723;623;and Sons;Sea
1724;623;and Sons;Air
1725;576;Group;Sea
1726;576;Group;Ground
1727;576;Group;Ground
1728;663;Inc;Air
1729;576;Group;Ground
1730;663;Inc;Air
1731;623;and Sons;Sea
1732;623;and Sons;Ground
1733;623;and Sons;Sea
1734;304;PLC;Air
1735;623;and Sons;Ground
1736;460;LLC;Sea
1737;304;PLC;Sea
1738;733;Ltd;Air
1739;663;Inc;Air
1740;733;Ltd;Sea
1741;460;LLC;Air
1742;623;and Sons;Air
1743;663;Inc;Sea
1744;304;PLC;Air
1745;576;Group;Air
1746;663;Inc;Ground
1747;663;Inc;Ground
1748;460;LLC;Sea
1749;304;PLC;Sea
1750;304;PLC;Sea
1751;460;LLC;Ground
1752;304;PLC;Air
1753;663;Inc;Ground
1754;460;LLC;Ground
1755;733;Ltd;Sea
1756;623;and Sons;Sea
1757;460;LLC;Sea
1758;460;LLC;Sea
1759;623;and Sons;Ground
1760;733;Ltd;Air
1761;663;Inc;Air
1762;460;LLC;Air
1763;663;Inc;Ground
1764;576;Group;Sea
1765;576;Group;Ground
1766;733;Ltd;Sea
1767;663;Inc;Air
1768;663;Inc;Sea
1769;733;Ltd;Sea
1770;304;PLC;Air
1771;733;Ltd;Ground
1772;663;Inc;Air
1773;663;Inc;Sea
1774;733;Ltd;Sea
1775;304;PLC;Ground
1776;304;PLC;Air
1777;733;Ltd;Air
1778;576;Group;Ground
1779;460;LLC;Ground
1780;460;LLC;Ground
1781;663;Inc;Air
1782;663;Inc;Sea
1783;460;LLC;Air
1784;663;Inc;Air
1785;460;LLC;Ground
1786;576;Group;Ground
1787;576;Group;Sea
1788;733;Ltd;Air
1789;623;and Sons;Ground
1790;460;LLC;Sea
1791;623;and Sons;Air
1792;460;LLC;Ground
1793;663;Inc;Sea
1794;623;and Sons;Ground
1795;460;LLC;Air
1796;623;and Sons;Air
1797;623;and Sons;Air
1798;623;and Sons;Sea
1799;733;Ltd;Sea
1800;576;Group;Air
1801;733;Ltd;Sea
1802;623;and Sons;Ground
1803;733;Ltd;Ground
1804;663;Inc;Sea
1805;460;LLC;Ground
1806;576;Group;Sea
1807;304;PLC;Sea
1808;304;PLC;Air
1809;304;PLC;Air
1810;733;Ltd;Sea
1811;460;LLC;Sea
1812;623;and Sons;Sea
1813;460;LLC;Air
1814;576;Group;Air
1815;733;Ltd;Ground
1816;460;LLC;Ground
1817;733;Ltd;Sea
1818;460;LLC;Air
1819;733;Ltd;Air
1820;576;Group;Ground
1821;304;PLC;Air
1822;623;and Sons;Ground
1823;623;and Sons;Ground
1824;623;and Sons;Air
1825;460;LLC;Ground
1826;304;PLC;Ground
1827;460;LLC;Sea
1828;623;and Sons;Sea
1829;576;Group;Air
1830;576;Group;Air
1831;460;LLC;Sea
1832;576;Group;Air
1833;663;Inc;Sea
1834;304;PLC;Air
1835;304;PLC;Air
1836;733;Ltd;Sea
1837;304;PLC;Air
1838;663;Inc;Air
1839;623;and Sons;Sea
1840;733;Ltd;Air
1841;733;Ltd;Sea
1842;460;LLC;Ground
1843;663;Inc;Sea
1844;460;LLC;Ground
1845;733;Ltd;Air
1846;460;LLC;Ground
1847;576;Group;Ground
1848;733;Ltd;Air
1849;623;and Sons;Sea
1850;460;LLC;Air
1851;304;PLC;Air
1852;623;and Sons;Ground
1853;304;PLC;Sea
1854;663;Inc;Sea
1855;460;LLC;Ground
1856;460;LLC;Sea
1857;733;Ltd;Ground
1858;733;Ltd;Ground
1859;576;Group;Air
1860;733;Ltd;Sea
1861;460;LLC;Ground
1862;576;Group;Ground
1863;623;and Sons;Sea
1864;576;Group;Ground
1865;460;LLC;Ground
1866;623;and Sons;Sea
1867;623;and Sons;Ground
1868;460;LLC;Sea
1869;623;and Sons;Sea
1870;733;Ltd;Air
1871;576;Group;Sea
1872;304;PLC;Ground
1873;304;PLC;Air
1874;576;Group;Air
1875;304;PLC;Ground
1876;460;LLC;Air
1877;733;Ltd;Ground
1878;623;and Sons;Ground
1879;663;Inc;Air
1880;460;LLC;Air
1881;304;PLC;Air
1882;460;LLC;Ground
1883;576;Group;Ground
1884;304;PLC;Air
1885;663;Inc;Ground
1886;623;and Sons;Air
1887;733;Ltd;Sea
1888;663;Inc;Sea
1889;304;PLC;Ground
1890;733;Ltd;Ground
1891;304;PLC;Sea
1892;304;PLC;Air
1893;576;Group;Ground
1894;460;LLC;Air
1895;663;Inc;Ground
1896;663;Inc;Air
1897;304;PLC;Air
1898;576;Group;Air
1899;304;PLC;Ground
1900;304;PLC;Air
1901;733;Ltd;Sea
1902;304;PLC;Ground
1903;663;Inc;Sea
1904;460;LLC;Ground
1905;304;PLC;Ground
1906;663;Inc;Ground
1907;733;Ltd;Sea
1908;733;Ltd;Ground
1909;576;Group;Air
1910;733;Ltd;Sea
1911;663;Inc;Air
1912;576;Group;Sea
1913;623;and Sons;Air
1914;663;Inc;Air
1915;733;Ltd;Ground
1916;304;PLC;Sea
1917;663;Inc;Sea
1918;460;LLC;Air
1919;304;PLC;Air
1920;304;PLC;Sea
1921;623;and Sons;Air
1922;460;LLC;Ground
1923;576;Group;Sea
1924;304;PLC;Ground
1925;304;PLC;Air
1926;304;PLC;Sea
1927;460;LLC;Air
1928;623;and Sons;Air
1929;460;LLC;Ground
1930;304;PLC;Ground
1931;304;PLC;Sea
1932;623;and Sons;Sea
1933;576;Group;Ground
1934;460;LLC;Sea
1935;733;Ltd;Sea
1936;576;Group;Air
1937;623;and Sons;Ground
1938;576;Group;Air
1939;733;Ltd;Air
1940;460;LLC;Ground
1941;304;PLC;Sea
1942;460;LLC;Ground
1943;733;Ltd;Air
1944;576;Group;Sea
1945;576;Group;Ground
1946;576;Group;Sea
1947;623;and Sons;Air
1948;460;LLC;Sea
1949;623;and Sons;Sea
1950;460;LLC;Air
1951;304;PLC;Air
1952;663;Inc;Air
1953;304;PLC;Ground
1954;623;and Sons;Ground
1955;663;Inc;Air
1956;733;Ltd;Air
1957;733;Ltd;Air
1958;733;Ltd;Air
1959;576;Group;Air
1960;576;Group;Sea
1961;733;Ltd;Sea
1962;663;Inc;Ground
1963;733;Ltd;Sea
1964;304;PLC;Ground
1965;663;Inc;Sea
1966;460;LLC;Sea
1967;733;Ltd;Ground
1968;304;PLC;Ground
1969;663;Inc;Ground
1970;663;Inc;Sea
1971;733;Ltd;Sea
1972;576;Group;Air
1973;460;LLC;Ground
1974;576;Group;Air
1975;460;LLC;Air
1976;460;LLC;Sea
1977;576;Group;Ground
1978;663;Inc;Air
1979;304;PLC;Ground
1980;460;LLC;Sea
1981;733;Ltd;Air
1982;733;Ltd;Air
1983;576;Group;Sea
1984;304;PLC;Air
1985;460;LLC;Sea
1986;733;Ltd;Air
1987;623;and Sons;Air
1988;733;Ltd;Ground
1989;623;and Sons;Ground
1990;576;Group;Sea
1991;460;LLC;Sea
1992;576;Group;Ground
1993;663;Inc;Sea
1994;663;Inc;Sea
1995;460;LLC;Ground
1996;733;Ltd;Air
1997;576;Group;Sea
1998;733;Ltd;Sea
1999;304;PLC;Ground
2000;733;Ltd;Air
2001;304;PLC;Ground
2002;460;LLC;Air
2003;663;Inc;Air
2004;623;and Sons;Air
2005;576;Group;Sea
2006;623;and Sons;Air
2007;663;Inc;Sea
2008;460;LLC;Air
2009;733;Ltd;Ground
2010;623;and Sons;Ground
2011;460;LLC;Ground
2012;304;PLC;Sea
2013;460;LLC;Sea
2014;733;Ltd;Ground
2015;304;PLC;Air
2016;460;LLC;Air
2017;733;Ltd;Air
2018;623;and Sons;Ground
2019;623;and Sons;Sea
2020;663;Inc;Ground
2021;663;Inc;Sea
2022;460;LLC;Air
2023;663;Inc;Ground
2024;304;PLC;Air
2025;733;Ltd;Ground
2026;304;PLC;Air
2027;623;and Sons;Sea
2028;663;Inc;Sea
2029;623;and Sons;Sea
2030;663;Inc;Sea
2031;460;LLC;Air
2032;460;LLC;Sea
2033;576;Group;Ground
2034;460;LLC;Air
2035;663;Inc;Air
2036;733;Ltd;Sea
2037;623;and Sons;Ground
2038;460;LLC;Ground
2039;576;Group;Sea
2040;663;Inc;Ground
2041;733;Ltd;Air
2042;623;and Sons;Ground
2043;623;and Sons;Air
2044;304;PLC;Sea
2045;663;Inc;Sea
2046;304;PLC;Air
2047;576;Group;Air
2048;733;Ltd;Ground
2049;304;PLC;Air
2050;460;LLC;Sea
2051;663;Inc;Air
2052;733;Ltd;Sea
2053;733;Ltd;Sea
2054;304;PLC;Air
2055;663;Inc;Air
2056;623;and Sons;Sea
2057;733;Ltd;Air
2058;663;Inc;Sea
2059;663;Inc;Air
2060;304;PLC;Ground
2061;460;LLC;Sea
2062;460;LLC;Ground
2063;623;and Sons;Ground
2064;733;Ltd;Sea
2065;623;and Sons;Air
2066;663;Inc;Ground
2067;576;Group;Sea
2068;460;LLC;Sea
2069;576;Group;Sea
2070;460;LLC;Sea
2071;460;LLC;Ground
2072;663;Inc;Ground
2073;304;PLC;Ground
2074;663;Inc;Ground
2075;663;Inc;Ground
2076;663;Inc;Air
2077;623;and Sons;Sea
2078;304;PLC;Ground
2079;623;and Sons;Sea
2080;460;LLC;Air
2081;304;PLC;Air
2082;576;Group;Air
2083;733;Ltd;Ground
2084;623;and Sons;Ground
2085;460;LLC;Air
2086;460;LLC;Ground
2087;576;Group;Ground
2088;663;Inc;Sea
2089;663;Inc;Air
2090;304;PLC;Air
2091;733;Ltd;Ground
2092;304;PLC;Air
2093;304;PLC;Air
2094;460;LLC;Ground
2095;623;and Sons;Air
2096;460;LLC;Sea
2097;733;Ltd;Sea
2098;460;LLC;Ground
2099;733;Ltd;Ground
2100;576;Group;Ground
2101;304;PLC;Ground
2102;733;Ltd;Air
2103;460;LLC;Air
2104;460;LLC;Sea
2105;623;and Sons;Sea
2106;576;Group;Ground
2107;623;and Sons;Ground
2108;623;and Sons;Sea
2109;576;Group;Air
2110;663;Inc;Sea
2111;733;Ltd;Sea
2112;623;and Sons;Sea
2113;576;Group;Sea
2114;460;LLC;Ground
2115;304;PLC;Sea
2116;460;LLC;Air
2117;733;Ltd;Air
2118;623;and Sons;Air
2119;576;Group;Sea
2120;623;and Sons;Sea
2121;304;PLC;Sea
2122;304;PLC;Sea
2123;460;LLC;Sea
2124;460;LLC;Air
2125;304;PLC;Ground
2126;576;Group;Sea
2127;663;Inc;Air
2128;304;PLC;Sea
2129;663;Inc;Sea
2130;576;Group;Ground
2131;733;Ltd;Sea
2132;733;Ltd;Ground
2133;460;LLC;Air
2134;576;Group;Air
2135;460;LLC;Ground
2136;304;PLC;Sea
2137;623;and Sons;Ground
2138;663;Inc;Air
2139;733;Ltd;Ground
2140;460;LLC;Ground
2141;304;PLC;Ground
2142;576;Group;Sea
2143;576;Group;Air
2144;623;and Sons;Sea
2145;733;Ltd;Ground
2146;576;Group;Ground
2147;733;Ltd;Air
2148;576;Group;Sea
2149;304;PLC;Sea
2150;460;LLC;Ground
2151;460;LLC;Sea
2152;623;and Sons;Air
2153;623;and Sons;Sea
2154;623;and Sons;Air
2155;733;Ltd;Ground
2156;304;PLC;Air
2157;304;PLC;Ground
2158;304;PLC;Air
2159;576;Group;Sea
2160;576;Group;Sea
2161;576;Group;Air
2162;623;and Sons;Air
2163;663;Inc;Air
2164;576;Group;Ground
2165;460;LLC;Sea
2166;663;Inc;Ground
2167;663;Inc;Air
2168;576;Group;Ground
2169;460;LLC;Ground
2170;663;Inc;Air
2171;733;Ltd;Sea
2172;460;LLC;Sea
2173;663;Inc;Air
2174;304;PLC;Sea
2175;304;PLC;Ground
2176;663;Inc;Sea
2177;663;Inc;Sea
2178;460;LLC;Sea
2179;623;and Sons;Air
2180;663;Inc;Ground
2181;304;PLC;Ground
2182;460;LLC;Sea
2183;623;and Sons;Sea
2184;304;PLC;Sea
2185;733;Ltd;Sea
2186;623;and Sons;Air
2187;623;and Sons;Sea
2188;304;PLC;Sea
2189;663;Inc;Sea
2190;733;Ltd;Air
2191;460;LLC;Ground
2192;663;Inc;Sea
2193;576;Group;Air
2194;460;LLC;Ground
2195;663;Inc;Sea
2196;623;and Sons;Sea
2197;460;LLC;Sea
2198;733;Ltd;Sea
2199;460;LLC;Sea
2200;304;PLC;Air
2201;733;Ltd;Sea
2202;663;Inc;Air
2203;733;Ltd;Air
2204;663;Inc;Sea
2205;733;Ltd;Ground
2206;576;Group;Sea
2207;623;and Sons;Sea
2208;733;Ltd;Air
2209;460;LLC;Air
2210;576;Group;Sea
2211;623;and Sons;Ground
2212;733;Ltd;Air
2213;460;LLC;Air
2214;733;Ltd;Air
2215;733;Ltd;Sea
2216;576;Group;Sea
2217;304;PLC;Air
2218;576;Group;Ground
2219;623;and Sons;Air
2220;733;Ltd;Air
2221;576;Group;Ground
2222;663;Inc;Ground
2223;623;and Sons;Sea
2224;460;LLC;Ground
2225;576;Group;Air
2226;663;Inc;Ground
2227;663;Inc;Sea
2228;623;and Sons;Sea
2229;733;Ltd;Sea
2230;304;PLC;Ground
2231;733;Ltd;Ground
2232;733;Ltd;Air
2233;623;and Sons;Sea
2234;460;LLC;Ground
2235;733;Ltd;Air
2236;733;Ltd;Sea
2237;460;LLC;Sea
2238;623;and Sons;Ground
2239;576;Group;Ground
2240;733;Ltd;Air
2241;460;LLC;Sea
2242;460;LLC;Air
2243;460;LLC;Air
2244;460;LLC;Ground
2245;304;PLC;Ground
2246;733;Ltd;Air
2247;304;PLC;Ground
2248;460;LLC;Air
2249;623;and Sons;Air
2250;623;and Sons;Sea
2251;576;Group;Ground
2252;460;LLC;Sea
2253;460;LLC;Ground
2254;576;Group;Sea
2255;576;Group;Air
2256;623;and Sons;Air
2257;623;and Sons;Sea
2258;663;Inc;Sea
2259;733;Ltd;Sea
2260;663;Inc;Air
2261;304;PLC;Sea
2262;663;Inc;Ground
2263;623;and Sons;Ground
2264;663;Inc;Air
2265;623;and Sons;Ground
2266;576;Group;Sea
2267;733;Ltd;Air
2268;663;Inc;Sea
2269;663;Inc;Ground
2270;460;LLC;Air
2271;576;Group;Ground
2272;576;Group;Ground
2273;623;and Sons;Sea
2274;576;Group;Ground
2275;623;and Sons;Air
2276;576;Group;Ground
2277;576;Group;Sea
2278;623;and Sons;Ground
2279;304;PLC;Air
2280;733;Ltd;Ground
2281;733;Ltd;Sea
2282;460;LLC;Air
2283;733;Ltd;Air
2284;733;Ltd;Ground
2285;576;Group;Air
2286;623;and Sons;Sea
2287;663;Inc;Air
2288;623;and Sons;Sea
2289;304;PLC;Sea
2290;623;and Sons;Ground
2291;304;PLC;Air
2292;460;LLC;Air
2293;733;Ltd;Air
2294;460;LLC;Ground
2295;663;Inc;Air
2296;623;and Sons;Sea
2297;304;PLC;Sea
2298;576;Group;Air
2299;304;PLC;Ground
2300;576;Group;Sea
2301;460;LLC;Ground
2302;460;LLC;Sea
2303;663;Inc;Ground
2304;623;and Sons;Sea
2305;623;and Sons;Sea
2306;663;Inc;Ground
2307;623;and Sons;Ground
2308;663;Inc;Sea
2309;623;and Sons;Air
2310;623;and Sons;Sea
2311;733;Ltd;Ground
2312;623;and Sons;Air
2313;623;and Sons;Ground
2314;733;Ltd;Sea
2315;304;PLC;Air
2316;576;Group;Sea
2317;576;Group;Sea
2318;623;and Sons;Ground
2319;304;PLC;Air
2320;576;Group;Ground
2321;663;Inc;Ground
2322;623;and Sons;Air
2323;304;PLC;Sea
2324;576;Group;Ground
2325;623;and Sons;Air
2326;623;and Sons;Ground
2327;733;Ltd;Sea
2328;733;Ltd;Ground
2329;576;Group;Air
2330;304;PLC;Ground
2331;623;and Sons;Air
2332;460;LLC;Air
2333;576;Group;Sea
2334;304;PLC;Sea
2335;733;Ltd;Ground
2336;623;and Sons;Air
2337;576;Group;Ground
2338;733;Ltd;Air
2339;733;Ltd;Sea
2340;623;and Sons;Sea
2341;576;Group;Sea
2342;460;LLC;Air
2343;304;PLC;Ground
2344;576;Group;Ground
2345;623;and Sons;Ground
2346;733;Ltd;Sea
2347;733;Ltd;Air
2348;663;Inc;Sea
2349;663;Inc;Ground
2350;304;PLC;Ground
2351;576;Group;Air
2352;733;Ltd;Ground
2353;576;Group;Sea
2354;576;Group;Sea
2355;733;Ltd;Air
2356;733;Ltd;Ground
2357;460;LLC;Sea
2358;623;and Sons;Ground
2359;623;and Sons;Sea
2360;623;and Sons;Sea
2361;623;and Sons;Sea
2362;460;LLC;Sea
2363;576;Group;Ground
2364;663;Inc;Air
2365;576;Group;Air
2366;623;and Sons;Sea
2367;576;Group;Ground
2368;576;Group;Ground
2369;623;and Sons;Air
2370;460;LLC;Ground
2371;663;Inc;Sea
2372;733;Ltd;Air
2373;733;Ltd;Sea
2374;576;Group;Air
2375;733;Ltd;Sea
2376;663;Inc;Air
2377;623;and Sons;Sea
2378;663;Inc;Air
2379;576;Group;Ground
2380;623;and Sons;Air
2381;733;Ltd;Sea
2382;304;PLC;Air
2383;304;PLC;Ground
2384;623;and Sons;Ground
2385;623;and Sons;Sea
2386;576;Group;Air
2387;663;Inc;Ground
2388;623;and Sons;Ground
2389;623;and Sons;Sea
2390;623;and Sons;Sea
2391;623;and Sons;Sea
2392;460;LLC;Air
2393;304;PLC;Air
2394;623;and Sons;Ground
2395;733;Ltd;Ground
2396;623;and Sons;Ground
2397;663;Inc;Air
2398;304;PLC;Air
2399;663;Inc;Ground
2400;460;LLC;Air
2401;304;PLC;Sea
2402;623;and Sons;Air
2403;733;Ltd;Air
2404;304;PLC;Air
2405;460;LLC;Ground
2406;460;LLC;Air
2407;304;PLC;Sea
2408;304;PLC;Ground
2409;733;Ltd;Sea
2410;304;PLC;Air
2411;460;LLC;Ground
2412;623;and Sons;Air
2413;460;LLC;Air
2414;733;Ltd;Air
2415;460;LLC;Air
2416;460;LLC;Ground
2417;733;Ltd;Sea
2418;623;and Sons;Ground
2419;304;PLC;Sea
2420;304;PLC;Air
2421;460;LLC;Ground
2422;304;PLC;Air
2423;304;PLC;Sea
2424;663;Inc;Air
2425;663;Inc;Ground
2426;733;Ltd;Sea
2427;623;and Sons;Ground
2428;663;Inc;Air
2429;576;Group;Ground
2430;733;Ltd;Sea
2431;733;Ltd;Air
2432;663;Inc;Sea
2433;460;LLC;Air
2434;576;Group;Air
2435;304;PLC;Sea
2436;623;and Sons;Sea
2437;304;PLC;Sea
2438;576;Group;Sea
2439;576;Group;Ground
2440;304;PLC;Ground
2441;733;Ltd;Air
2442;663;Inc;Sea
2443;304;PLC;Air
2444;663;Inc;Ground
2445;623;and Sons;Ground
2446;623;and Sons;Air
2447;304;PLC;Sea
2448;460;LLC;Ground
2449;733;Ltd;Sea
2450;576;Group;Sea
2451;733;Ltd;Air
2452;576;Group;Sea
2453;460;LLC;Sea
2454;623;and Sons;Air
2455;663;Inc;Ground
2456;733;Ltd;Sea
2457;623;and Sons;Air
2458;304;PLC;Ground
2459;623;and Sons;Sea
2460;663;Inc;Air
2461;623;and Sons;Air
2462;623;and Sons;Ground
2463;623;and Sons;Sea
2464;733;Ltd;Sea
2465;576;Group;Ground
2466;576;Group;Sea
2467;576;Group;Ground
2468;304;PLC;Air
2469;304;PLC;Sea
2470;663;Inc;Ground
2471;460;LLC;Sea
2472;304;PLC;Sea
2473;623;and Sons;Ground
2474;733;Ltd;Sea
2475;663;Inc;Sea
2476;733;Ltd;Ground
2477;733;Ltd;Air
2478;663;Inc;Air
2479;733;Ltd;Sea
2480;663;Inc;Ground
2481;623;and Sons;Ground
2482;663;Inc;Ground
2483;304;PLC;Sea
2484;304;PLC;Ground
2485;576;Group;Ground
2486;576;Group;Air
2487;663;Inc;Sea
2488;623;and Sons;Sea
2489;460;LLC;Sea
2490;460;LLC;Ground
2491;663;Inc;Sea
2492;304;PLC;Sea
2493;460;LLC;Sea
2494;460;LLC;Ground
2495;663;Inc;Sea
2496;663;Inc;Air
2497;576;Group;Air
2498;733;Ltd;Ground
2499;623;and Sons;Air
2500;304;PLC;Air
2501;576;Group;Air
2502;663;Inc;Air
2503;304;PLC;Air
2504;304;PLC;Sea
2505;460;LLC;Sea
2506;663;Inc;Air
2507;733;Ltd;Air
2508;733;Ltd;Ground
2509;460;LLC;Air
2510;663;Inc;Sea
2511;576;Group;Sea
2512;460;LLC;Ground
2513;460;LLC;Sea
2514;663;Inc;Sea
2515;623;and Sons;Ground
2516;663;Inc;Ground
2517;576;Group;Air
2518;733;Ltd;Sea
2519;460;LLC;Sea
2520;304;PLC;Ground
2521;304;PLC;Sea
2522;623;and Sons;Ground
2523;576;Group;Air
2524;460;LLC;Ground
2525;304;PLC;Air
2526;623;and Sons;Air
2527;576;Group;Sea
2528;623;and Sons;Air
2529;623;and Sons;Air
2530;663;Inc;Ground
2531;623;and Sons;Sea
2532;733;Ltd;Sea
2533;733;Ltd;Air
2534;623;and Sons;Sea
2535;623;and Sons;Air
2536;733;Ltd;Sea
2537;733;Ltd;Ground
2538;576;Group;Ground
2539;576;Group;Air
2540;623;and Sons;Ground
2541;623;and Sons;Air
2542;663;Inc;Ground
2543;304;PLC;Air
2544;460;LLC;Sea
2545;733;Ltd;Sea
2546;460;LLC;Air
2547;304;PLC;Ground
2548;663;Inc;Ground
2549;460;LLC;Sea
2550;304;PLC;Sea
2551;460;LLC;Sea
2552;623;and Sons;Air
2553;576;Group;Sea
2554;304;PLC;Air
2555;576;Group;Ground
2556;576;Group;Ground
2557;576;Group;Sea
2558;576;Group;Air
2559;623;and Sons;Ground
2560;304;PLC;Air
2561;663;Inc;Air
2562;304;PLC;Ground
2563;576;Group;Ground
2564;576;Group;Ground
2565;733;Ltd;Air
2566;733;Ltd;Sea
2567;304;PLC;Air
2568;623;and Sons;Sea
2569;304;PLC;Air
2570;663;Inc;Ground
2571;460;LLC;Sea
2572;576;Group;Ground
2573;460;LLC;Sea
2574;623;and Sons;Ground
2575;733;Ltd;Ground
2576;576;Group;Sea
2577;576;Group;Ground
2578;623;and Sons;Sea
2579;623;and Sons;Ground
2580;733;Ltd;Sea
2581;623;and Sons;Air
2582;304;PLC;Sea
2583;576;Group;Ground
2584;733;Ltd;Sea
2585;576;Group;Air
2586;623;and Sons;Air
2587;576;Group;Sea
2588;576;Group;Air
2589;733;Ltd;Ground
2590;623;and Sons;Sea
2591;623;and Sons;Air
2592;460;LLC;Air
2593;304;PLC;Ground
2594;460;LLC;Air
2595;623;and Sons;Air
2596;733;Ltd;Air
2597;733;Ltd;Sea
2598;460;LLC;Sea
2599;663;Inc;Sea
2600;576;Group;Ground
2601;460;LLC;Air
2602;623;and Sons;Air
2603;733;Ltd;Sea
2604;623;and Sons;Air
2605;576;Group;Air
2606;576;Group;Ground
2607;623;and Sons;Air
2608;304;PLC;Air
2609;623;and Sons;Ground
2610;663;Inc;Ground
2611;460;LLC;Ground
2612;733;Ltd;Ground
2613;663;Inc;Air
2614;460;LLC;Ground
2615;663;Inc;Ground
2616;733;Ltd;Sea
2617;623;and Sons;Sea
2618;576;Group;Ground
2619;733;Ltd;Air
2620;623;and Sons;Sea
2621;623;and Sons;Sea
2622;304;PLC;Sea
2623;663;Inc;Sea
2624;460;LLC;Sea
2625;733;Ltd;Ground
2626;304;PLC;Ground
2627;460;LLC;Sea
2628;460;LLC;Ground
2629;304;PLC;Air
2630;623;and Sons;Sea
2631;623;and Sons;Ground
2632;733;Ltd;Ground
2633;733;Ltd;Ground
2634;733;Ltd;Air
2635;460;LLC;Air
2636;460;LLC;Air
2637;576;Group;Air
2638;460;LLC;Air
2639;663;Inc;Air
2640;623;and Sons;Ground
2641;623;and Sons;Sea
2642;623;and Sons;Sea
2643;576;Group;Sea
2644;663;Inc;Ground
2645;304;PLC;Air
2646;663;Inc;Sea
2647;663;Inc;Sea
2648;733;Ltd;Air
2649;304;PLC;Ground
2650;304;PLC;Ground
2651;733;Ltd;Sea
2652;576;Group;Ground
2653;460;LLC;Sea
2654;663;Inc;Ground
2655;460;LLC;Air
2656;576;Group;Sea
2657;663;Inc;Sea
2658;304;PLC;Sea
2659;576;Group;Air
2660;304;PLC;Sea
2661;304;PLC;Sea
2662;733;Ltd;Air
2663;663;Inc;Sea
2664;304;PLC;Sea
2665;304;PLC;Ground
2666;460;LLC;Sea
2667;304;PLC;Air
2668;460;LLC;Sea
2669;623;and Sons;Air
2670;460;LLC;Ground
2671;733;Ltd;Sea
2672;623;and Sons;Ground
2673;663;Inc;Air
2674;623;and Sons;Sea
2675;733;Ltd;Ground
2676;663;Inc;Sea
2677;576;Group;Air
2678;733;Ltd;Ground
2679;623;and Sons;Air
2680;460;LLC;Air
2681;663;Inc;Air
2682;304;PLC;Air
2683;623;and Sons;Air
2684;304;PLC;Air
2685;733;Ltd;Air
2686;460;LLC;Air
2687;460;LLC;Air
2688;460;LLC;Air
2689;663;Inc;Ground
2690;733;Ltd;Ground
2691;304;PLC;Ground
2692;304;PLC;Ground
2693;663;Inc;Ground
2694;733;Ltd;Sea
2695;733;Ltd;Air
2696;733;Ltd;Air
2697;460;LLC;Ground
2698;623;and Sons;Ground
2699;733;Ltd;Ground
2700;460;LLC;Air
2701;576;Group;Air
2702;460;LLC;Air
2703;733;Ltd;Sea
2704;304;PLC;Ground
2705;733;Ltd;Sea
2706;663;Inc;Ground
2707;304;PLC;Air
2708;576;Group;Ground
2709;733;Ltd;Ground
2710;733;Ltd;Air
2711;460;LLC;Air
2712;304;PLC;Air
2713;460;LLC;Sea
2714;460;LLC;Sea
2715;304;PLC;Ground
2716;576;Group;Ground
2717;733;Ltd;Sea
2718;304;PLC;Air
2719;460;LLC;Air
2720;663;Inc;Ground
2721;663;Inc;Sea
2722;733;Ltd;Ground
2723;733;Ltd;Sea
2724;304;PLC;Air
2725;623;and Sons;Sea
2726;663;Inc;Ground
2727;623;and Sons;Air
2728;460;LLC;Air
2729;663;Inc;Air
2730;733;Ltd;Air
2731;460;LLC;Ground
2732;733;Ltd;Sea
2733;663;Inc;Sea
2734;663;Inc;Air
2735;663;Inc;Ground
2736;304;PLC;Ground
2737;576;Group;Ground
2738;460;LLC;Sea
2739;576;Group;Air
2740;304;PLC;Sea
2741;304;PLC;Ground
2742;576;Group;Air
2743;304;PLC;Ground
2744;733;Ltd;Ground
2745;663;Inc;Ground
2746;304;PLC;Air
2747;663;Inc;Ground
2748;663;Inc;Sea
2749;663;Inc;Ground
2750;663;Inc;Ground
2751;304;PLC;Ground
2752;576;Group;Ground
2753;460;LLC;Ground
2754;304;PLC;Ground
2755;663;Inc;Sea
2756;623;and Sons;Sea
2757;460;LLC;Sea
2758;663;Inc;Air
2759;576;Group;Air
2760;733;Ltd;Air
2761;304;PLC;Sea
2762;623;and Sons;Ground
2763;663;Inc;Ground
2764;304;PLC;Ground
2765;733;Ltd;Ground
2766;733;Ltd;Air
2767;623;and Sons;Air
2768;663;Inc;Air
2769;623;and Sons;Sea
2770;460;LLC;Air
2771;623;and Sons;Air
2772;304;PLC;Ground
2773;623;and Sons;Ground
2774;304;PLC;Sea
2775;733;Ltd;Sea
2776;733;Ltd;Ground
2777;663;Inc;Air
2778;304;PLC;Sea
2779;663;Inc;Air
2780;460;LLC;Ground
2781;663;Inc;Sea
2782;460;LLC;Ground
2783;733;Ltd;Ground
2784;663;Inc;Sea
2785;576;Group;Air
2786;460;LLC;Sea
2787;623;and Sons;Ground
2788;460;LLC;Sea
2789;460;LLC;Sea
2790;623;and Sons;Ground
2791;663;Inc;Sea
2792;460;LLC;Sea
2793;576;Group;Sea
2794;576;Group;Sea
2795;460;LLC;Sea
2796;304;PLC;Sea
2797;460;LLC;Air
2798;663;Inc;Ground
2799;576;Group;Sea
2800;304;PLC;Ground
2801;733;Ltd;Air
2802;576;Group;Ground
2803;460;LLC;Ground
2804;304;PLC;Air
2805;576;Group;Ground
2806;304;PLC;Ground
2807;663;Inc;Air
2808;460;LLC;Ground
2809;623;and Sons;Ground
2810;663;Inc;Sea
2811;663;Inc;Ground
2812;663;Inc;Sea
2813;304;PLC;Ground
2814;304;PLC;Air
2815;623;and Sons;Sea
2816;623;and Sons;Sea
2817;576;Group;Air
2818;304;PLC;Ground
2819;304;PLC;Sea
2820;623;and Sons;Air
2821;663;Inc;Sea
2822;623;and Sons;Ground
2823;576;Group;Ground
2824;623;and Sons;Ground
2825;733;Ltd;Ground
2826;576;Group;Air
2827;460;LLC;Sea
2828;460;LLC;Ground
2829;623;and Sons;Ground
2830;304;PLC;Sea
2831;576;Group;Ground
2832;733;Ltd;Sea
2833;460;LLC;Ground
2834;623;and Sons;Ground
2835;623;and Sons;Air
2836;304;PLC;Sea
2837;576;Group;Sea
2838;304;PLC;Ground
2839;576;Group;Ground
2840;623;and Sons;Ground
2841;460;LLC;Air
2842;623;and Sons;Sea
2843;623;and Sons;Sea
2844;460;LLC;Sea
2845;733;Ltd;Sea
2846;576;Group;Air
2847;576;Group;Air
2848;623;and Sons;Air
2849;663;Inc;Air
2850;623;and Sons;Ground
2851;623;and Sons;Air
2852;460;LLC;Sea
2853;304;PLC;Air
2854;623;and Sons;Air
2855;733;Ltd;Air
2856;576;Group;Air
2857;623;and Sons;Ground
2858;576;Group;Ground
2859;733;Ltd;Air
2860;663;Inc;Ground
2861;576;Group;Air
2862;304;PLC;Sea
2863;663;Inc;Ground
2864;733;Ltd;Ground
2865;576;Group;Air
2866;623;and Sons;Air
2867;576;Group;Air
2868;623;and Sons;Ground
2869;663;Inc;Ground
2870;304;PLC;Air
2871;623;and Sons;Ground
2872;733;Ltd;Air
2873;733;Ltd;Ground
2874;733;Ltd;Air
2875;623;and Sons;Ground
2876;576;Group;Air
2877;576;Group;Ground
2878;576;Group;Ground
2879;733;Ltd;Air
2880;733;Ltd;Ground
2881;460;LLC;Air
2882;623;and Sons;Ground
2883;623;and Sons;Air
2884;576;Group;Ground
2885;733;Ltd;Air
2886;663;Inc;Air
2887;576;Group;Ground
2888;460;LLC;Sea
2889;460;LLC;Sea
2890;304;PLC;Ground
2891;623;and Sons;Sea
2892;576;Group;Air
2893;576;Group;Sea
2894;576;Group;Ground
2895;733;Ltd;Ground
2896;460;LLC;Air
2897;733;Ltd;Sea
2898;460;LLC;Sea
2899;460;LLC;Sea
2900;733;Ltd;Ground
2901;663;Inc;Ground
2902;460;LLC;Air
2903;576;Group;Sea
2904;733;Ltd;Air
2905;576;Group;Ground
2906;576;Group;Air
2907;460;LLC;Ground
2908;576;Group;Sea
2909;304;PLC;Air
2910;663;Inc;Air
2911;460;LLC;Air
2912;460;LLC;Sea
2913;460;LLC;Ground
2914;623;and Sons;Air
2915;576;Group;Sea
2916;623;and Sons;Ground
2917;460;LLC;Air
2918;663;Inc;Air
2919;623;and Sons;Air
2920;576;Group;Ground
2921;623;and Sons;Ground
2922;623;and Sons;Air
2923;460;LLC;Air
2924;576;Group;Sea
2925;576;Group;Ground
2926;733;Ltd;Ground
2927;733;Ltd;Sea
2928;304;PLC;Sea
2929;460;LLC;Ground
2930;304;PLC;Air
2931;663;Inc;Ground
2932;460;LLC;Ground
2933;304;PLC;Ground
2934;304;PLC;Sea
2935;733;Ltd;Sea
2936;576;Group;Air
2937;460;LLC;Sea
2938;733;Ltd;Sea
2939;663;Inc;Air
2940;460;LLC;Ground
2941;733;Ltd;Air
2942;460;LLC;Air
2943;576;Group;Sea
2944;663;Inc;Air
2945;304;PLC;Air
2946;623;and Sons;Ground
2947;576;Group;Air
2948;663;Inc;Air
2949;733;Ltd;Sea
2950;623;and Sons;Sea
2951;733;Ltd;Air
2952;576;Group;Air
2953;460;LLC;Air
2954;623;and Sons;Ground
2955;304;PLC;Ground
2956;576;Group;Air
2957;576;Group;Air
2958;663;Inc;Air
2959;576;Group;Ground
2960;623;and Sons;Air
2961;576;Group;Air
2962;733;Ltd;Air
2963;576;Group;Air
2964;733;Ltd;Sea
2965;304;PLC;Sea
2966;663;Inc;Sea
2967;304;PLC;Air
2968;304;PLC;Sea
2969;460;LLC;Air
2970;663;Inc;Air
2971;663;Inc;Air
2972;623;and Sons;Air
2973;623;and Sons;Ground
2974;304;PLC;Air
2975;460;LLC;Ground
2976;623;and Sons;Sea
2977;623;and Sons;Air
2978;460;LLC;Ground
2979;304;PLC;Air
2980;623;and Sons;Sea
2981;576;Group;Air
2982;576;Group;Sea
2983;460;LLC;Air
2984;733;Ltd;Sea
2985;304;PLC;Air
2986;733;Ltd;Ground
2987;733;Ltd;Ground
2988;304;PLC;Sea
2989;733;Ltd;Ground
2990;663;Inc;Sea
2991;304;PLC;Ground
2992;623;and Sons;Sea
2993;304;PLC;Ground
2994;623;and Sons;Air
2995;733;Ltd;Sea
2996;623;and Sons;Air
2997;460;LLC;Ground
2998;663;Inc;Sea
2999;304;PLC;Air
3000;663;Inc;Ground
3001;304;PLC;Air
3002;460;LLC;Ground
3003;623;and Sons;Ground
3004;304;PLC;Ground
3005;304;PLC;Ground
3006;576;Group;Air
3007;663;Inc;Ground
3008;663;Inc;Sea
3009;304;PLC;Ground
3010;460;LLC;Ground
3011;304;PLC;Ground
3012;576;Group;Sea
3013;576;Group;Ground
3014;733;Ltd;Ground
3015;623;and Sons;Sea
3016;576;Group;Sea
3017;733;Ltd;Sea
3018;733;Ltd;Air
3019;623;and Sons;Ground
3020;576;Group;Ground
3021;623;and Sons;Sea
3022;460;LLC;Air
3023;663;Inc;Ground
3024;623;and Sons;Air
3025;304;PLC;Sea
3026;733;Ltd;Ground
3027;733;Ltd;Sea
3028;460;LLC;Air
3029;576;Group;Sea
3030;576;Group;Ground
3031;623;and Sons;Air
3032;460;LLC;Sea
3033;623;and Sons;Ground
3034;733;Ltd;Sea
3035;733;Ltd;Ground
3036;460;LLC;Air
3037;304;PLC;Air
3038;623;and Sons;Sea
3039;663;Inc;Air
3040;623;and Sons;Ground
3041;733;Ltd;Ground
3042;623;and Sons;Sea
3043;623;and Sons;Sea
3044;576;Group;Sea
3045;576;Group;Sea
3046;623;and Sons;Air
3047;733;Ltd;Ground
3048;576;Group;Ground
3049;623;and Sons;Air
3050;304;PLC;Air
3051;733;Ltd;Air
3052;663;Inc;Sea
3053;733;Ltd;Ground
3054;460;LLC;Air
3055;623;and Sons;Air
3056;304;PLC;Ground
3057;623;and Sons;Ground
3058;304;PLC;Sea
3059;460;LLC;Sea
3060;663;Inc;Sea
3061;663;Inc;Ground
3062;663;Inc;Air
3063;460;LLC;Sea
3064;663;Inc;Air
3065;623;and Sons;Air
3066;576;Group;Air
3067;576;Group;Sea
3068;733;Ltd;Air
3069;576;Group;Air
3070;733;Ltd;Ground
3071;623;and Sons;Ground
3072;623;and Sons;Ground
3073;623;and Sons;Ground
3074;663;Inc;Air
3075;623;and Sons;Ground
3076;623;and Sons;Air
3077;576;Group;Ground
3078;663;Inc;Ground
3079;663;Inc;Sea
3080;623;and Sons;Air
3081;623;and Sons;Air
3082;733;Ltd;Air
3083;576;Group;Air
3084;623;and Sons;Air
3085;304;PLC;Sea
3086;576;Group;Sea
3087;733;Ltd;Sea
3088;663;Inc;Sea
3089;733;Ltd;Sea
3090;304;PLC;Ground
3091;733;Ltd;Ground
3092;460;LLC;Sea
3093;460;LLC;Air
3094;623;and Sons;Sea
3095;576;Group;Ground
3096;576;Group;Air
3097;576;Group;Ground
3098;623;and Sons;Air
3099;733;Ltd;Ground
3100;304;PLC;Sea
3101;623;and Sons;Air
3102;460;LLC;Sea
3103;304;PLC;Air
3104;460;LLC;Ground
3105;733;Ltd;Air
3106;733;Ltd;Ground
3107;663;Inc;Air
3108;663;Inc;Ground
3109;663;Inc;Sea
3110;304;PLC;Ground
3111;623;and Sons;Air
3112;733;Ltd;Sea
3113;623;and Sons;Air
3114;623;and Sons;Sea
3115;623;and Sons;Sea
3116;623;and Sons;Ground
3117;304;PLC;Air
3118;304;PLC;Sea
3119;304;PLC;Ground
3120;733;Ltd;Sea
3121;576;Group;Ground
3122;663;Inc;Air
3123;576;Group;Air
3124;663;Inc;Ground
3125;304;PLC;Air
3126;576;Group;Sea
3127;460;LLC;Air
3128;623;and Sons;Air
3129;576;Group;Ground
3130;623;and Sons;Air
3131;733;Ltd;Ground
3132;733;Ltd;Ground
3133;733;Ltd;Ground
3134;623;and Sons;Air
3135;460;LLC;Ground
3136;733;Ltd;Sea
3137;460;LLC;Ground
3138;576;Group;Air
3139;733;Ltd;Sea
3140;460;LLC;Sea
3141;733;Ltd;Air
3142;304;PLC;Ground
3143;304;PLC;Air
3144;663;Inc;Sea
3145;576;Group;Ground
3146;304;PLC;Sea
3147;576;Group;Air
3148;576;Group;Ground
3149;576;Group;Ground
3150;576;Group;Sea
3151;576;Group;Air
3152;576;Group;Ground
3153;623;and Sons;Air
3154;576;Group;Ground
3155;304;PLC;Sea
3156;623;and Sons;Air
3157;733;Ltd;Air
3158;663;Inc;Sea
3159;623;and Sons;Sea
3160;304;PLC;Ground
3161;733;Ltd;Air
3162;733;Ltd;Ground
3163;304;PLC;Air
3164;663;Inc;Sea
3165;304;PLC;Air
3166;460;LLC;Ground
3167;460;LLC;Ground
3168;304;PLC;Air
3169;460;LLC;Sea
3170;663;Inc;Ground
3171;304;PLC;Ground
3172;460;LLC;Air
3173;623;and Sons;Ground
3174;663;Inc;Air
3175;460;LLC;Sea
3176;460;LLC;Ground
3177;623;and Sons;Ground
3178;663;Inc;Ground
3179;733;Ltd;Air
3180;460;LLC;Ground
3181;304;PLC;Sea
3182;460;LLC;Sea
3183;576;Group;Air
3184;460;LLC;Air
3185;460;LLC;Sea
3186;733;Ltd;Ground
3187;623;and Sons;Sea
3188;576;Group;Sea
3189;623;and Sons;Ground
3190;663;Inc;Ground
3191;623;and Sons;Air
3192;623;and Sons;Air
3193;623;and Sons;Sea
3194;733;Ltd;Ground
3195;663;Inc;Air
3196;460;LLC;Ground
3197;576;Group;Air
3198;460;LLC;Air
3199;733;Ltd;Ground
3200;623;and Sons;Ground
3201;733;Ltd;Ground
3202;663;Inc;Sea
3203;663;Inc;Sea
3204;460;LLC;Sea
3205;576;Group;Ground
3206;663;Inc;Sea
3207;733;Ltd;Sea
3208;304;PLC;Air
3209;460;LLC;Air
3210;663;Inc;Sea
3211;663;Inc;Ground
3212;623;and Sons;Sea
3213;663;Inc;Ground
3214;733;Ltd;Sea
3215;733;Ltd;Ground
3216;576;Group;Ground
3217;304;PLC;Ground
3218;623;and Sons;Air
3219;623;and Sons;Sea
3220;623;and Sons;Sea
3221;663;Inc;Ground
3222;623;and Sons;Sea
3223;576;Group;Air
3224;576;Group;Ground
3225;576;Group;Sea
3226;623;and Sons;Sea
3227;576;Group;Sea
3228;733;Ltd;Ground
3229;733;Ltd;Sea
3230;623;and Sons;Ground
3231;623;and Sons;Ground
3232;304;PLC;Air
3233;663;Inc;Sea
3234;623;and Sons;Air
3235;733;Ltd;Air
3236;663;Inc;Air
3237;576;Group;Air
3238;304;PLC;Sea
3239;623;and Sons;Air
3240;304;PLC;Ground
3241;623;and Sons;Ground
3242;460;LLC;Sea
3243;304;PLC;Sea
3244;304;PLC;Ground
3245;304;PLC;Sea
3246;663;Inc;Ground
3247;576;Group;Ground
3248;576;Group;Ground
3249;663;Inc;Air
3250;663;Inc;Ground
3251;623;and Sons;Ground
3252;663;Inc;Ground
3253;576;Group;Sea
3254;460;LLC;Ground
3255;623;and Sons;Ground
3256;663;Inc;Ground
3257;623;and Sons;Sea
3258;623;and Sons;Ground
3259;460;LLC;Air
3260;623;and Sons;Air
3261;576;Group;Air
3262;460;LLC;Ground
3263;460;LLC;Air
3264;623;and Sons;Air
3265;576;Group;Air
3266;733;Ltd;Ground
3267;576;Group;Sea
3268;576;Group;Ground
3269;460;LLC;Air
3270;663;Inc;Sea
3271;733;Ltd;Sea
3272;304;PLC;Air
3273;623;and Sons;Sea
3274;460;LLC;Ground
3275;733;Ltd;Sea
3276;304;PLC;Sea
3277;733;Ltd;Ground
3278;623;and Sons;Ground
3279;304;PLC;Air
3280;304;PLC;Sea
3281;460;LLC;Sea
3282;623;and Sons;Sea
3283;663;Inc;Air
3284;460;LLC;Sea
3285;623;and Sons;Sea
3286;576;Group;Sea
3287;576;Group;Sea
3288;733;Ltd;Sea
3289;663;Inc;Sea
3290;663;Inc;Air
3291;733;Ltd;Ground
3292;623;and Sons;Ground
3293;623;and Sons;Air
3294;623;and Sons;Sea
3295;623;and Sons;Air
3296;733;Ltd;Ground
3297;663;Inc;Sea
3298;304;PLC;Air
3299;304;PLC;Ground
3300;304;PLC;Sea
3301;623;and Sons;Sea
3302;623;and Sons;Sea
3303;733;Ltd;Sea
3304;623;and Sons;Ground
3305;733;Ltd;Sea
3306;663;Inc;Sea
3307;663;Inc;Ground
3308;460;LLC;Ground
3309;623;and Sons;Sea
3310;663;Inc;Ground
3311;733;Ltd;Ground
3312;576;Group;Sea
3313;576;Group;Sea
3314;733;Ltd;Air
3315;623;and Sons;Sea
3316;733;Ltd;Air
3317;304;PLC;Air
3318;623;and Sons;Sea
3319;304;PLC;Sea
3320;623;and Sons;Air
3321;460;LLC;Ground
3322;733;Ltd;Air
3323;733;Ltd;Ground
3324;663;Inc;Sea
3325;623;and Sons;Air
3326;663;Inc;Air
3327;576;Group;Air
3328;460;LLC;Sea
3329;623;and Sons;Air
3330;576;Group;Sea
3331;623;and Sons;Air
3332;576;Group;Air
3333;733;Ltd;Sea
3334;733;Ltd;Air
3335;576;Group;Ground
3336;623;and Sons;Sea
3337;304;PLC;Air
3338;623;and Sons;Sea
3339;663;Inc;Ground
3340;304;PLC;Sea
3341;460;LLC;Air
3342;623;and Sons;Sea
3343;733;Ltd;Sea
3344;304;PLC;Sea
3345;304;PLC;Sea
3346;663;Inc;Ground
3347;733;Ltd;Ground
3348;733;Ltd;Sea
3349;304;PLC;Air
3350;663;Inc;Air
3351;733;Ltd;Sea
3352;576;Group;Ground
3353;733;Ltd;Sea
3354;623;and Sons;Sea
3355;623;and Sons;Air
3356;623;and Sons;Air
3357;304;PLC;Ground
3358;576;Group;Ground
3359;304;PLC;Sea
3360;304;PLC;Ground
3361;623;and Sons;Sea
3362;663;Inc;Air
3363;663;Inc;Sea
3364;304;PLC;Air
3365;460;LLC;Sea
3366;460;LLC;Sea
3367;733;Ltd;Sea
3368;576;Group;Air
3369;460;LLC;Air
3370;733;Ltd;Air
3371;304;PLC;Air
3372;663;Inc;Air
3373;733;Ltd;Sea
3374;460;LLC;Sea
3375;663;Inc;Sea
3376;733;Ltd;Air
3377;733;Ltd;Air
3378;733;Ltd;Ground
3379;460;LLC;Ground
3380;576;Group;Ground
3381;460;LLC;Sea
3382;460;LLC;Ground
3383;663;Inc;Ground
3384;576;Group;Sea
3385;576;Group;Sea
3386;663;Inc;Air
3387;576;Group;Air
3388;733;Ltd;Sea
3389;576;Group;Sea
3390;733;Ltd;Ground
3391;304;PLC;Air
3392;623;and Sons;Air
3393;304;PLC;Sea
3394;733;Ltd;Ground
3395;733;Ltd;Sea
3396;460;LLC;Sea
3397;733;Ltd;Sea
3398;733;Ltd;Ground
3399;304;PLC;Ground
3400;576;Group;Ground
3401;663;Inc;Ground
3402;663;Inc;Air
3403;733;Ltd;Air
3404;663;Inc;Ground
3405;663;Inc;Air
3406;733;Ltd;Sea
3407;663;Inc;Ground
3408;460;LLC;Ground
3409;576;Group;Air
3410;576;Group;Ground
3411;733;Ltd;Air
3412;576;Group;Sea
3413;460;LLC;Ground
3414;460;LLC;Sea
3415;733;Ltd;Sea
3416;304;PLC;Air
3417;733;Ltd;Air
3418;460;LLC;Air
3419;733;Ltd;Ground
3420;623;and Sons;Air
3421;304;PLC;Ground
3422;460;LLC;Sea
3423;623;and Sons;Ground
3424;576;Group;Air
3425;663;Inc;Sea
3426;663;Inc;Sea
3427;576;Group;Sea
3428;663;Inc;Sea
3429;663;Inc;Ground
3430;663;Inc;Sea
3431;623;and Sons;Ground
3432;623;and Sons;Ground
3433;733;Ltd;Sea
3434;304;PLC;Sea
3435;663;Inc;Sea
3436;663;Inc;Ground
3437;304;PLC;Air
3438;304;PLC;Ground
3439;460;LLC;Sea
3440;460;LLC;Sea
3441;576;Group;Air
3442;576;Group;Air
3443;576;Group;Sea
3444;576;Group;Sea
3445;733;Ltd;Ground
3446;623;and Sons;Air
3447;304;PLC;Sea
3448;304;PLC;Ground
3449;460;LLC;Ground
3450;460;LLC;Ground
3451;460;LLC;Ground
3452;663;Inc;Air
3453;663;Inc;Air
3454;623;and Sons;Air
3455;733;Ltd;Air
3456;304;PLC;Ground
3457;663;Inc;Sea
3458;460;LLC;Ground
3459;623;and Sons;Air
3460;576;Group;Air
3461;663;Inc;Air
3462;304;PLC;Ground
3463;460;LLC;Sea
3464;623;and Sons;Ground
3465;460;LLC;Air
3466;663;Inc;Air
3467;623;and Sons;Ground
3468;460;LLC;Air
3469;460;LLC;Air
3470;304;PLC;Ground
3471;576;Group;Ground
3472;304;PLC;Air
3473;304;PLC;Sea
3474;623;and Sons;Air
3475;304;PLC;Sea
3476;663;Inc;Ground
3477;576;Group;Sea
3478;663;Inc;Sea
3479;623;and Sons;Ground
3480;304;PLC;Air
3481;460;LLC;Sea
3482;576;Group;Air
3483;460;LLC;Air
3484;733;Ltd;Sea
3485;623;and Sons;Air
3486;304;PLC;Ground
3487;460;LLC;Ground
3488;576;Group;Sea
3489;663;Inc;Ground
3490;663;Inc;Air
3491;460;LLC;Sea
3492;663;Inc;Ground
3493;460;LLC;Air
3494;663;Inc;Ground
3495;663;Inc;Ground
3496;663;Inc;Sea
3497;576;Group;Sea
3498;576;Group;Air
3499;733;Ltd;Air
3500;304;PLC;Ground
3501;733;Ltd;Ground
3502;663;Inc;Ground
3503;304;PLC;Air
3504;304;PLC;Sea
3505;304;PLC;Sea
3506;733;Ltd;Air
3507;460;LLC;Ground
3508;576;Group;Ground
3509;460;LLC;Sea
3510;576;Group;Sea
3511;576;Group;Sea
3512;304;PLC;Sea
3513;460;LLC;Sea
3514;733;Ltd;Sea
3515;733;Ltd;Ground
3516;576;Group;Air
3517;663;Inc;Ground
3518;663;Inc;Ground
3519;576;Group;Sea
3520;304;PLC;Air
3521;733;Ltd;Ground
3522;576;Group;Ground
3523;623;and Sons;Air
3524;733;Ltd;Sea
3525;460;LLC;Sea
3526;304;PLC;Ground
3527;576;Group;Sea
3528;663;Inc;Sea
3529;623;and Sons;Air
3530;663;Inc;Ground
3531;304;PLC;Sea
3532;623;and Sons;Air
3533;576;Group;Sea
3534;733;Ltd;Sea
3535;663;Inc;Air
3536;304;PLC;Ground
3537;576;Group;Air
3538;460;LLC;Sea
3539;460;LLC;Sea
3540;733;Ltd;Ground
3541;460;LLC;Ground
3542;460;LLC;Ground
3543;304;PLC;Sea
3544;663;Inc;Sea
3545;623;and Sons;Sea
3546;460;LLC;Air
3547;663;Inc;Air
3548;576;Group;Air
3549;304;PLC;Sea
3550;733;Ltd;Air
3551;623;and Sons;Air
3552;733;Ltd;Ground
3553;304;PLC;Air
3554;460;LLC;Air
3555;663;Inc;Ground
3556;733;Ltd;Air
3557;304;PLC;Air
3558;304;PLC;Ground
3559;304;PLC;Air
3560;576;Group;Air
3561;304;PLC;Ground
3562;304;PLC;Ground
3563;304;PLC;Ground
3564;460;LLC;Sea
3565;623;and Sons;Ground
3566;576;Group;Ground
3567;663;Inc;Sea
3568;733;Ltd;Ground
3569;576;Group;Air
3570;623;and Sons;Sea
3571;576;Group;Air
3572;663;Inc;Air
3573;460;LLC;Sea
3574;623;and Sons;Ground
3575;304;PLC;Air
3576;733;Ltd;Ground
3577;304;PLC;Sea
3578;576;Group;Ground
3579;663;Inc;Ground
3580;304;PLC;Sea
3581;663;Inc;Ground
3582;623;and Sons;Ground
3583;623;and Sons;Sea
3584;576;Group;Ground
3585;460;LLC;Air
3586;304;PLC;Ground
3587;576;Group;Ground
3588;623;and Sons;Ground
3589;304;PLC;Air
3590;304;PLC;Ground
3591;733;Ltd;Sea
3592;623;and Sons;Air
3593;304;PLC;Sea
3594;663;Inc;Ground
3595;460;LLC;Air
3596;460;LLC;Ground
3597;304;PLC;Sea
3598;733;Ltd;Sea
3599;304;PLC;Sea
3600;663;Inc;Sea
3601;304;PLC;Sea
3602;576;Group;Ground
3603;663;Inc;Ground
3604;623;and Sons;Ground
3605;460;LLC;Ground
3606;623;and Sons;Ground
3607;663;Inc;Air
3608;304;PLC;Ground
3609;623;and Sons;Ground
3610;576;Group;Air
3611;304;PLC;Ground
3612;460;LLC;Sea
3613;623;and Sons;Ground
3614;460;LLC;Air
3615;304;PLC;Air
3616;623;and Sons;Air
3617;733;Ltd;Sea
3618;460;LLC;Air
3619;733;Ltd;Air
3620;663;Inc;Sea
3621;623;and Sons;Air
3622;663;Inc;Ground
3623;460;LLC;Ground
3624;623;and Sons;Ground
3625;663;Inc;Air
3626;576;Group;Air
3627;304;PLC;Ground
3628;304;PLC;Sea
3629;304;PLC;Ground
3630;733;Ltd;Sea
3631;576;Group;Air
3632;623;and Sons;Sea
3633;304;PLC;Air
3634;460;LLC;Ground
3635;733;Ltd;Ground
3636;663;Inc;Sea
3637;663;Inc;Sea
3638;733;Ltd;Ground
3639;663;Inc;Ground
3640;304;PLC;Air
3641;576;Group;Sea
3642;733;Ltd;Sea
3643;733;Ltd;Sea
3644;576;Group;Air
3645;663;Inc;Ground
3646;304;PLC;Air
3647;733;Ltd;Ground
3648;733;Ltd;Ground
3649;733;Ltd;Air
3650;460;LLC;Air
3651;663;Inc;Sea
3652;460;LLC;Air
3653;304;PLC;Ground
3654;663;Inc;Ground
3655;663;Inc;Air
3656;623;and Sons;Air
3657;576;Group;Sea
3658;733;Ltd;Air
3659;460;LLC;Ground
3660;576;Group;Air
3661;733;Ltd;Air
3662;733;Ltd;Ground
3663;623;and Sons;Ground
3664;623;and Sons;Air
3665;304;PLC;Sea
3666;304;PLC;Air
3667;460;LLC;Ground
3668;576;Group;Air
3669;460;LLC;Air
3670;304;PLC;Sea
3671;663;Inc;Sea
3672;304;PLC;Sea
3673;623;and Sons;Air
3674;460;LLC;Air
3675;304;PLC;Ground
3676;304;PLC;Sea
3677;576;Group;Air
3678;576;Group;Air
3679;460;LLC;Ground
3680;304;PLC;Sea
3681;663;Inc;Ground
3682;663;Inc;Sea
3683;304;PLC;Ground
3684;733;Ltd;Ground
3685;663;Inc;Air
3686;623;and Sons;Ground
3687;663;Inc;Sea
3688;576;Group;Sea
3689;460;LLC;Sea
3690;663;Inc;Ground
3691;663;Inc;Ground
3692;663;Inc;Sea
3693;733;Ltd;Sea
3694;460;LLC;Air
3695;576;Group;Ground
3696;663;Inc;Sea
3697;623;and Sons;Sea
3698;576;Group;Sea
3699;576;Group;Ground
3700;460;LLC;Sea
3701;576;Group;Air
3702;576;Group;Air
3703;576;Group;Sea
3704;663;Inc;Sea
3705;733;Ltd;Ground
3706;576;Group;Ground
3707;460;LLC;Air
3708;460;LLC;Air
3709;304;PLC;Ground
3710;304;PLC;Ground
3711;733;Ltd;Air
3712;576;Group;Ground
3713;663;Inc;Air
3714;663;Inc;Air
3715;623;and Sons;Sea
3716;663;Inc;Sea
3717;304;PLC;Air
3718;576;Group;Sea
3719;733;Ltd;Air
3720;304;PLC;Sea
3721;663;Inc;Air
3722;733;Ltd;Air
3723;733;Ltd;Ground
3724;733;Ltd;Sea
3725;304;PLC;Ground
3726;576;Group;Sea
3727;733;Ltd;Sea
3728;623;and Sons;Ground
3729;663;Inc;Sea
3730;733;Ltd;Ground
3731;304;PLC;Sea
3732;733;Ltd;Ground
3733;304;PLC;Sea
3734;623;and Sons;Air
3735;576;Group;Ground
3736;733;Ltd;Ground
3737;460;LLC;Ground
3738;576;Group;Air
3739;304;PLC;Sea
3740;663;Inc;Ground
3741;663;Inc;Sea
3742;460;LLC;Air
3743;663;Inc;Air
3744;460;LLC;Air
3745;304;PLC;Ground
3746;460;LLC;Sea
3747;460;LLC;Air
3748;663;Inc;Air
3749;576;Group;Ground
3750;663;Inc;Air
3751;623;and Sons;Sea
3752;663;Inc;Air
3753;663;Inc;Ground
3754;460;LLC;Air
3755;733;Ltd;Sea
3756;460;LLC;Sea
3757;304;PLC;Ground
3758;576;Group;Air
3759;733;Ltd;Sea
3760;576;Group;Ground
3761;663;Inc;Ground
3762;733;Ltd;Sea
3763;623;and Sons;Sea
3764;733;Ltd;Sea
3765;663;Inc;Air
3766;304;PLC;Air
3767;576;Group;Ground
3768;623;and Sons;Air
3769;304;PLC;Air
3770;460;LLC;Ground
3771;460;LLC;Sea
3772;623;and Sons;Sea
3773;623;and Sons;Sea
3774;304;PLC;Sea
3775;623;and Sons;Ground
3776;460;LLC;Sea
3777;576;Group;Air
3778;304;PLC;Ground
3779;460;LLC;Ground
3780;576;Group;Air
3781;304;PLC;Sea
3782;623;and Sons;Ground
3783;304;PLC;Ground
3784;733;Ltd;Sea
3785;460;LLC;Sea
3786;623;and Sons;Air
3787;623;and Sons;Sea
3788;623;and Sons;Sea
3789;304;PLC;Ground
3790;623;and Sons;Ground
3791;623;and Sons;Ground
3792;460;LLC;Sea
3793;663;Inc;Ground
3794;576;Group;Air
3795;733;Ltd;Sea
3796;623;and Sons;Air
3797;663;Inc;Air
3798;663;Inc;Ground
3799;576;Group;Air
3800;733;Ltd;Air
3801;733;Ltd;Ground
3802;663;Inc;Sea
3803;623;and Sons;Ground
3804;663;Inc;Sea
3805;623;and Sons;Ground
3806;576;Group;Sea
3807;304;PLC;Sea
3808;733;Ltd;Sea
3809;460;LLC;Ground
3810;460;LLC;Air
3811;576;Group;Sea
3812;733;Ltd;Sea
3813;576;Group;Ground
3814;663;Inc;Ground
3815;304;PLC;Air
3816;304;PLC;Sea
3817;460;LLC;Sea
3818;576;Group;Ground
3819;663;Inc;Air
3820;663;Inc;Ground
3821;733;Ltd;Sea
3822;623;and Sons;Ground
3823;576;Group;Sea
3824;733;Ltd;Ground
3825;663;Inc;Sea
3826;663;Inc;Ground
3827;576;Group;Air
3828;304;PLC;Sea
3829;663;Inc;Ground
3830;733;Ltd;Ground
3831;733;Ltd;Air
3832;460;LLC;Sea
3833;460;LLC;Ground
3834;460;LLC;Sea
3835;576;Group;Air
3836;304;PLC;Sea
3837;576;Group;Air
3838;460;LLC;Air
3839;576;Group;Ground
3840;576;Group;Ground
3841;733;Ltd;Sea
3842;663;Inc;Sea
3843;460;LLC;Ground
3844;460;LLC;Ground
3845;663;Inc;Air
3846;733;Ltd;Sea
3847;460;LLC;Ground
3848;576;Group;Air
3849;460;LLC;Sea
3850;304;PLC;Air
3851;460;LLC;Air
3852;460;LLC;Air
3853;576;Group;Ground
3854;460;LLC;Ground
3855;623;and Sons;Ground
3856;304;PLC;Sea
3857;623;and Sons;Sea
3858;733;Ltd;Sea
3859;304;PLC;Ground
3860;460;LLC;Air
3861;663;Inc;Ground
3862;460;LLC;Air
3863;576;Group;Air
3864;733;Ltd;Air
3865;304;PLC;Ground
3866;623;and Sons;Air
3867;576;Group;Air
3868;623;and Sons;Sea
3869;576;Group;Air
3870;576;Group;Air
3871;733;Ltd;Sea
3872;663;Inc;Air
3873;460;LLC;Air
3874;663;Inc;Sea
3875;576;Group;Ground
3876;304;PLC;Sea
3877;460;LLC;Sea
3878;576;Group;Air
3879;460;LLC;Sea
3880;663;Inc;Sea
3881;460;LLC;Sea
3882;733;Ltd;Ground
3883;460;LLC;Ground
3884;663;Inc;Ground
3885;576;Group;Sea
3886;576;Group;Sea
3887;460;LLC;Air
3888;733;Ltd;Ground
3889;663;Inc;Air
3890;576;Group;Sea
3891;733;Ltd;Sea
3892;460;LLC;Ground
3893;623;and Sons;Air
3894;733;Ltd;Air
3895;576;Group;Ground
3896;623;and Sons;Sea
3897;304;PLC;Sea
3898;576;Group;Ground
3899;733;Ltd;Air
3900;623;and Sons;Air
3901;460;LLC;Ground
3902;304;PLC;Ground
3903;733;Ltd;Air
3904;663;Inc;Ground
3905;460;LLC;Ground
3906;663;Inc;Ground
3907;576;Group;Sea
3908;304;PLC;Sea
3909;304;PLC;Air
3910;733;Ltd;Sea
3911;460;LLC;Sea
3912;576;Group;Sea
3913;663;Inc;Sea
3914;733;Ltd;Air
3915;576;Group;Sea
3916;576;Group;Sea
3917;576;Group;Sea
3918;304;PLC;Sea
3919;304;PLC;Ground
3920;576;Group;Sea
3921;663;Inc;Air
3922;576;Group;Air
3923;576;Group;Air
3924;460;LLC;Air
3925;663;Inc;Air
3926;623;and Sons;Sea
3927;663;Inc;Sea
3928;460;LLC;Ground
3929;460;LLC;Ground
3930;460;LLC;Sea
3931;576;Group;Air
3932;460;LLC;Air
3933;623;and Sons;Sea
3934;623;and Sons;Air
3935;733;Ltd;Sea
3936;663;Inc;Air
3937;663;Inc;Air
3938;460;LLC;Sea
3939;623;and Sons;Air
3940;733;Ltd;Air
3941;663;Inc;Air
3942;304;PLC;Sea
3943;304;PLC;Air
3944;460;LLC;Ground
3945;460;LLC;Ground
3946;623;and Sons;Ground
3947;663;Inc;Air
3948;576;Group;Sea
3949;663;Inc;Sea
3950;304;PLC;Ground
3951;460;LLC;Sea
3952;663;Inc;Sea
3953;623;and Sons;Ground
3954;663;Inc;Sea
3955;623;and Sons;Sea
3956;623;and Sons;Sea
3957;576;Group;Air
3958;663;Inc;Ground
3959;733;Ltd;Air
3960;304;PLC;Ground
3961;663;Inc;Ground
3962;576;Group;Air
3963;460;LLC;Ground
3964;576;Group;Air
3965;663;Inc;Air
3966;304;PLC;Sea
3967;663;Inc;Ground
3968;576;Group;Ground
3969;460;LLC;Ground
3970;623;and Sons;Ground
3971;623;and Sons;Sea
3972;733;Ltd;Sea
3973;663;Inc;Sea
3974;663;Inc;Ground
3975;304;PLC;Ground
3976;460;LLC;Ground
3977;304;PLC;Sea
3978;663;Inc;Sea
3979;733;Ltd;Air
3980;460;LLC;Air
3981;663;Inc;Ground
3982;733;Ltd;Air
3983;663;Inc;Ground
3984;733;Ltd;Air
3985;733;Ltd;Air
3986;304;PLC;Ground
3987;663;Inc;Ground
3988;663;Inc;Air
3989;576;Group;Air
3990;733;Ltd;Sea
3991;576;Group;Sea
3992;576;Group;Air
3993;733;Ltd;Sea
3994;304;PLC;Ground
3995;623;and Sons;Ground
3996;623;and Sons;Sea
3997;733;Ltd;Air
3998;304;PLC;Air
3999;304;PLC;Air
4000;733;Ltd;Air
4001;733;Ltd;Sea
4002;460;LLC;Sea
4003;623;and Sons;Sea
4004;623;and Sons;Ground
4005;663;Inc;Air
4006;663;Inc;Ground
4007;733;Ltd;Ground
4008;623;and Sons;Ground
4009;733;Ltd;Ground
4010;733;Ltd;Air
4011;460;LLC;Sea
4012;304;PLC;Ground
4013;663;Inc;Sea
4014;304;PLC;Air
4015;663;Inc;Air
4016;460;LLC;Ground
4017;460;LLC;Sea
4018;733;Ltd;Ground
4019;623;and Sons;Air
4020;623;and Sons;Air
4021;733;Ltd;Ground
4022;576;Group;Sea
4023;576;Group;Sea
4024;460;LLC;Air
4025;576;Group;Sea
4026;663;Inc;Sea
4027;576;Group;Sea
4028;460;LLC;Ground
4029;576;Group;Sea
4030;623;and Sons;Sea
4031;623;and Sons;Air
4032;304;PLC;Air
4033;576;Group;Sea
4034;733;Ltd;Ground
4035;460;LLC;Ground
4036;623;and Sons;Sea
4037;623;and Sons;Ground
4038;460;LLC;Air
4039;304;PLC;Air
4040;576;Group;Ground
4041;576;Group;Air
4042;576;Group;Ground
4043;304;PLC;Air
4044;663;Inc;Ground
4045;576;Group;Ground
4046;304;PLC;Ground
4047;576;Group;Air
4048;623;and Sons;Ground
4049;304;PLC;Ground
4050;733;Ltd;Ground
4051;460;LLC;Ground
4052;576;Group;Sea
4053;733;Ltd;Sea
4054;663;Inc;Ground
4055;576;Group;Sea
4056;576;Group;Air
4057;304;PLC;Air
4058;663;Inc;Ground
4059;733;Ltd;Ground
4060;733;Ltd;Ground
4061;733;Ltd;Ground
4062;733;Ltd;Air
4063;460;LLC;Ground
4064;576;Group;Air
4065;304;PLC;Ground
4066;663;Inc;Sea
4067;663;Inc;Ground
4068;623;and Sons;Air
4069;733;Ltd;Sea
4070;304;PLC;Air
4071;576;Group;Air
4072;460;LLC;Ground
4073;663;Inc;Ground
4074;576;Group;Air
4075;304;PLC;Ground
4076;576;Group;Ground
4077;304;PLC;Air
4078;576;Group;Sea
4079;576;Group;Sea
4080;304;PLC;Sea
4081;623;and Sons;Air
4082;460;LLC;Sea
4083;304;PLC;Air
4084;623;and Sons;Sea
4085;623;and Sons;Ground
4086;663;Inc;Ground
4087;733;Ltd;Air
4088;733;Ltd;Ground
4089;733;Ltd;Ground
4090;576;Group;Sea
4091;733;Ltd;Air
4092;304;PLC;Ground
4093;576;Group;Ground
4094;623;and Sons;Ground
4095;623;and Sons;Sea
4096;304;PLC;Ground
4097;663;Inc;Sea
4098;623;and Sons;Air
4099;576;Group;Sea
4100;733;Ltd;Ground
4101;304;PLC;Air
4102;663;Inc;Sea
4103;304;PLC;Sea
4104;576;Group;Sea
4105;663;Inc;Ground
4106;663;Inc;Sea
4107;663;Inc;Sea
4108;663;Inc;Air
4109;304;PLC;Sea
4110;663;Inc;Sea
4111;663;Inc;Sea
4112;576;Group;Sea
4113;663;Inc;Sea
4114;623;and Sons;Ground
4115;304;PLC;Ground
4116;304;PLC;Air
4117;576;Group;Ground
4118;576;Group;Sea
4119;460;LLC;Air
4120;663;Inc;Sea
4121;623;and Sons;Air
4122;576;Group;Air
4123;304;PLC;Ground
4124;304;PLC;Ground
4125;460;LLC;Sea
4126;460;LLC;Air
4127;733;Ltd;Air
4128;623;and Sons;Air
4129;733;Ltd;Sea
4130;460;LLC;Air
4131;623;and Sons;Ground
4132;623;and Sons;Sea
4133;576;Group;Air
4134;733;Ltd;Air
4135;733;Ltd;Air
4136;576;Group;Air
4137;623;and Sons;Air
4138;733;Ltd;Sea
4139;663;Inc;Ground
4140;623;and Sons;Ground
4141;733;Ltd;Air
4142;623;and Sons;Sea
4143;460;LLC;Ground
4144;663;Inc;Ground
4145;576;Group;Sea
4146;733;Ltd;Air
4147;663;Inc;Ground
4148;304;PLC;Sea
4149;733;Ltd;Ground
4150;623;and Sons;Ground
4151;623;and Sons;Sea
4152;576;Group;Sea
4153;733;Ltd;Air
4154;304;PLC;Ground
4155;663;Inc;Air
4156;663;Inc;Sea
4157;576;Group;Ground
4158;460;LLC;Air
4159;663;Inc;Sea
4160;623;and Sons;Sea
4161;623;and Sons;Air
4162;733;Ltd;Sea
4163;460;LLC;Air
4164;576;Group;Ground
4165;576;Group;Air
4166;663;Inc;Sea
4167;663;Inc;Ground
4168;576;Group;Sea
4169;460;LLC;Ground
4170;663;Inc;Air
4171;304;PLC;Air
4172;304;PLC;Sea
4173;576;Group;Sea
4174;623;and Sons;Ground
4175;304;PLC;Air
4176;733;Ltd;Air
4177;663;Inc;Air
4178;460;LLC;Ground
4179;460;LLC;Air
4180;623;and Sons;Air
4181;733;Ltd;Sea
4182;576;Group;Air
4183;733;Ltd;Air
4184;460;LLC;Air
4185;576;Group;Sea
4186;304;PLC;Ground
4187;663;Inc;Sea
4188;460;LLC;Sea
4189;460;LLC;Ground
4190;304;PLC;Sea
4191;304;PLC;Ground
4192;576;Group;Ground
4193;304;PLC;Ground
4194;733;Ltd;Ground
4195;576;Group;Sea
4196;733;Ltd;Air
4197;663;Inc;Air
4198;623;and Sons;Ground
4199;733;Ltd;Sea
4200;304;PLC;Air
4201;304;PLC;Sea
4202;623;and Sons;Ground
4203;733;Ltd;Sea
4204;623;and Sons;Sea
4205;304;PLC;Sea
4206;460;LLC;Sea
4207;304;PLC;Ground
4208;460;LLC;Sea
4209;623;and Sons;Sea
4210;460;LLC;Ground
4211;576;Group;Sea
4212;304;PLC;Sea
4213;460;LLC;Sea
4214;733;Ltd;Ground
4215;576;Group;Sea
4216;460;LLC;Ground
4217;460;LLC;Sea
4218;460;LLC;Air
4219;460;LLC;Ground
4220;304;PLC;Sea
4221;733;Ltd;Air
4222;576;Group;Air
4223;576;Group;Ground
4224;460;LLC;Ground
4225;576;Group;Air
4226;663;Inc;Air
4227;460;LLC;Ground
4228;460;LLC;Ground
4229;460;LLC;Sea
4230;460;LLC;Air
4231;576;Group;Sea
4232;576;Group;Ground
4233;663;Inc;Sea
4234;663;Inc;Ground
4235;623;and Sons;Air
4236;733;Ltd;Ground
4237;576;Group;Air
4238;733;Ltd;Air
4239;733;Ltd;Ground
4240;623;and Sons;Air
4241;304;PLC;Sea
4242;663;Inc;Air
4243;623;and Sons;Air
4244;304;PLC;Sea
4245;304;PLC;Sea
4246;733;Ltd;Ground
4247;623;and Sons;Sea
4248;304;PLC;Sea
4249;663;Inc;Air
4250;460;LLC;Air
4251;733;Ltd;Air
4252;576;Group;Sea
4253;460;LLC;Ground
4254;460;LLC;Air
4255;663;Inc;Air
4256;304;PLC;Ground
4257;733;Ltd;Air
4258;733;Ltd;Sea
4259;663;Inc;Ground
4260;304;PLC;Sea
4261;460;LLC;Air
4262;623;and Sons;Ground
4263;304;PLC;Ground
4264;304;PLC;Ground
4265;460;LLC;Sea
4266;576;Group;Air
4267;576;Group;Air
4268;733;Ltd;Sea
4269;304;PLC;Ground
4270;663;Inc;Sea
4271;623;and Sons;Ground
4272;733;Ltd;Air
4273;460;LLC;Air
4274;460;LLC;Air
4275;733;Ltd;Ground
4276;460;LLC;Sea
4277;460;LLC;Air
4278;576;Group;Ground
4279;663;Inc;Ground
4280;623;and Sons;Air
4281;623;and Sons;Ground
4282;733;Ltd;Sea
4283;733;Ltd;Air
4284;576;Group;Air
4285;576;Group;Sea
4286;460;LLC;Sea
4287;623;and Sons;Sea
4288;623;and Sons;Ground
4289;576;Group;Ground
4290;623;and Sons;Ground
4291;576;Group;Air
4292;460;LLC;Sea
4293;460;LLC;Ground
4294;576;Group;Sea
4295;623;and Sons;Ground
4296;460;LLC;Sea
4297;623;and Sons;Ground
4298;623;and Sons;Sea
4299;623;and Sons;Sea
4300;623;and Sons;Ground
4301;460;LLC;Ground
4302;460;LLC;Sea
4303;304;PLC;Air
4304;623;and Sons;Air
4305;733;Ltd;Ground
4306;460;LLC;Ground
4307;576;Group;Ground
4308;460;LLC;Ground
4309;623;and Sons;Ground
4310;663;Inc;Ground
4311;733;Ltd;Ground
4312;460;LLC;Sea
4313;663;Inc;Ground
4314;663;Inc;Ground
4315;304;PLC;Ground
4316;663;Inc;Ground
4317;733;Ltd;Sea
4318;576;Group;Ground
4319;623;and Sons;Air
4320;460;LLC;Ground
4321;733;Ltd;Ground
4322;663;Inc;Sea
4323;576;Group;Ground
4324;460;LLC;Ground
4325;576;Group;Sea
4326;304;PLC;Ground
4327;733;Ltd;Sea
4328;304;PLC;Air
4329;733;Ltd;Ground
4330;576;Group;Ground
4331;663;Inc;Sea
4332;304;PLC;Air
4333;576;Group;Ground
4334;304;PLC;Sea
4335;576;Group;Air
4336;623;and Sons;Ground
4337;623;and Sons;Sea
4338;576;Group;Air
4339;733;Ltd;Sea
4340;576;Group;Ground
4341;304;PLC;Ground
4342;576;Group;Sea
4343;623;and Sons;Ground
4344;576;Group;Ground
4345;460;LLC;Air
4346;663;Inc;Air
4347;663;Inc;Sea
4348;304;PLC;Sea
4349;576;Group;Air
4350;733;Ltd;Ground
4351;460;LLC;Ground
4352;663;Inc;Sea
4353;576;Group;Air
4354;460;LLC;Ground
4355;576;Group;Air
4356;733;Ltd;Ground
4357;460;LLC;Sea
4358;733;Ltd;Ground
4359;663;Inc;Air
4360;304;PLC;Air
4361;304;PLC;Sea
4362;733;Ltd;Sea
4363;576;Group;Sea
4364;576;Group;Air
4365;733;Ltd;Sea
4366;576;Group;Ground
4367;663;Inc;Sea
4368;663;Inc;Ground
4369;576;Group;Sea
4370;460;LLC;Sea
4371;733;Ltd;Ground
4372;460;LLC;Sea
4373;576;Group;Air
4374;304;PLC;Ground
4375;733;Ltd;Ground
4376;576;Group;Ground
4377;576;Group;Ground
4378;733;Ltd;Ground
4379;663;Inc;Sea
4380;733;Ltd;Sea
4381;304;PLC;Sea
4382;663;Inc;Sea
4383;733;Ltd;Air
4384;733;Ltd;Air
4385;576;Group;Air
4386;576;Group;Sea
4387;663;Inc;Sea
4388;663;Inc;Sea
4389;460;LLC;Sea
4390;663;Inc;Air
4391;576;Group;Ground
4392;733;Ltd;Sea
4393;623;and Sons;Air
4394;576;Group;Ground
4395;663;Inc;Ground
4396;460;LLC;Sea
4397;663;Inc;Sea
4398;663;Inc;Ground
4399;460;LLC;Ground
4400;304;PLC;Sea
4401;663;Inc;Sea
4402;733;Ltd;Sea
4403;304;PLC;Air
4404;663;Inc;Sea
4405;576;Group;Ground
4406;576;Group;Ground
4407;576;Group;Sea
4408;663;Inc;Sea
4409;460;LLC;Air
4410;733;Ltd;Air
4411;304;PLC;Ground
4412;663;Inc;Air
4413;304;PLC;Air
4414;733;Ltd;Ground
4415;460;LLC;Ground
4416;663;Inc;Sea
4417;663;Inc;Sea
4418;304;PLC;Sea
4419;576;Group;Air
4420;733;Ltd;Ground
4421;460;LLC;Air
4422;460;LLC;Air
4423;733;Ltd;Sea
4424;663;Inc;Air
4425;576;Group;Ground
4426;733;Ltd;Sea
4427;304;PLC;Sea
4428;304;PLC;Sea
4429;460;LLC;Sea
4430;733;Ltd;Air
4431;304;PLC;Ground
4432;663;Inc;Sea
4433;460;LLC;Ground
4434;576;Group;Ground
4435;733;Ltd;Air
4436;663;Inc;Air
4437;460;LLC;Sea
4438;304;PLC;Ground
4439;733;Ltd;Air
4440;623;and Sons;Air
4441;576;Group;Ground
4442;304;PLC;Ground
4443;304;PLC;Air
4444;663;Inc;Air
4445;460;LLC;Ground
4446;733;Ltd;Ground
4447;304;PLC;Ground
4448;623;and Sons;Ground
4449;576;Group;Air
4450;623;and Sons;Air
4451;623;and Sons;Ground
4452;460;LLC;Ground
4453;733;Ltd;Sea
4454;733;Ltd;Air
4455;663;Inc;Air
4456;623;and Sons;Ground
4457;623;and Sons;Air
4458;460;LLC;Sea
4459;623;and Sons;Ground
4460;576;Group;Sea
4461;460;LLC;Ground
4462;460;LLC;Air
4463;304;PLC;Air
4464;576;Group;Air
4465;623;and Sons;Air
4466;623;and Sons;Ground
4467;460;LLC;Sea
4468;733;Ltd;Ground
4469;576;Group;Air
4470;663;Inc;Ground
4471;460;LLC;Air
4472;460;LLC;Air
4473;576;Group;Sea
4474;623;and Sons;Sea
4475;304;PLC;Air
4476;576;Group;Air
4477;576;Group;Sea
4478;623;and Sons;Air
4479;733;Ltd;Ground
4480;733;Ltd;Air
4481;304;PLC;Air
4482;576;Group;Sea
4483;460;LLC;Sea
4484;304;PLC;Air
4485;663;Inc;Air
4486;663;Inc;Ground
4487;460;LLC;Air
4488;663;Inc;Sea
4489;733;Ltd;Sea
4490;733;Ltd;Sea
4491;733;Ltd;Ground
4492;623;and Sons;Ground
4493;663;Inc;Sea
4494;576;Group;Sea
4495;304;PLC;Sea
4496;733;Ltd;Sea
4497;663;Inc;Air
4498;576;Group;Ground
4499;304;PLC;Sea
4500;733;Ltd;Air
4501;663;Inc;Air
4502;304;PLC;Ground
4503;304;PLC;Ground
4504;623;and Sons;Ground
4505;623;and Sons;Air
4506;733;Ltd;Air
4507;460;LLC;Sea
4508;663;Inc;Ground
4509;733;Ltd;Sea
4510;460;LLC;Air
4511;733;Ltd;Air
4512;733;Ltd;Air
4513;460;LLC;Sea
4514;623;and Sons;Sea
4515;460;LLC;Air
4516;623;and Sons;Ground
4517;576;Group;Ground
4518;663;Inc;Ground
4519;663;Inc;Air
4520;733;Ltd;Ground
4521;576;Group;Sea
4522;304;PLC;Air
4523;663;Inc;Air
4524;460;LLC;Air
4525;460;LLC;Air
4526;304;PLC;Ground
4527;576;Group;Ground
4528;623;and Sons;Air
4529;623;and Sons;Sea
4530;460;LLC;Ground
4531;576;Group;Ground
4532;663;Inc;Air
4533;460;LLC;Air
4534;576;Group;Air
4535;663;Inc;Ground
4536;576;Group;Sea
4537;460;LLC;Sea
4538;460;LLC;Air
4539;623;and Sons;Ground
4540;663;Inc;Ground
4541;733;Ltd;Ground
4542;576;Group;Sea
4543;460;LLC;Sea
4544;623;and Sons;Air
4545;576;Group;Air
4546;460;LLC;Ground
4547;576;Group;Air
4548;733;Ltd;Air
4549;576;Group;Ground
4550;623;and Sons;Sea
4551;623;and Sons;Sea
4552;460;LLC;Ground
4553;623;and Sons;Air
4554;460;LLC;Sea
4555;623;and Sons;Air
4556;576;Group;Air
4557;623;and Sons;Air
4558;304;PLC;Air
4559;460;LLC;Sea
4560;304;PLC;Air
4561;663;Inc;Air
4562;663;Inc;Air
4563;623;and Sons;Air
4564;623;and Sons;Air
4565;663;Inc;Air
4566;663;Inc;Ground
4567;576;Group;Sea
4568;576;Group;Sea
4569;460;LLC;Ground
4570;460;LLC;Sea
4571;663;Inc;Sea
4572;663;Inc;Sea
4573;304;PLC;Sea
4574;304;PLC;Sea
4575;733;Ltd;Sea
4576;663;Inc;Ground
4577;304;PLC;Ground
4578;304;PLC;Ground
4579;576;Group;Ground
4580;623;and Sons;Air
4581;460;LLC;Sea
4582;663;Inc;Sea
4583;576;Group;Air
4584;304;PLC;Ground
4585;460;LLC;Air
4586;304;PLC;Ground
4587;663;Inc;Air
4588;576;Group;Sea
4589;663;Inc;Sea
4590;733;Ltd;Ground
4591;576;Group;Air
4592;460;LLC;Ground
4593;623;and Sons;Air
4594;663;Inc;Air
4595;576;Group;Ground
4596;576;Group;Sea
4597;663;Inc;Air
4598;663;Inc;Sea
4599;460;LLC;Sea
4600;576;Group;Ground
4601;460;LLC;Sea
4602;623;and Sons;Sea
4603;304;PLC;Air
4604;304;PLC;Ground
4605;623;and Sons;Sea
4606;733;Ltd;Air
4607;460;LLC;Air
4608;663;Inc;Air
4609;663;Inc;Sea
4610;733;Ltd;Air
4611;460;LLC;Air
4612;576;Group;Air
4613;623;and Sons;Air
4614;460;LLC;Air
4615;304;PLC;Ground
4616;663;Inc;Ground
4617;663;Inc;Sea
4618;663;Inc;Air
4619;733;Ltd;Ground
4620;663;Inc;Ground
4621;304;PLC;Sea
4622;460;LLC;Sea
4623;576;Group;Sea
4624;623;and Sons;Ground
4625;623;and Sons;Air
4626;460;LLC;Air
4627;576;Group;Air
4628;663;Inc;Air
4629;623;and Sons;Air
4630;733;Ltd;Sea
4631;576;Group;Sea
4632;460;LLC;Air
4633;663;Inc;Ground
4634;663;Inc;Sea
4635;460;LLC;Ground
4636;576;Group;Air
4637;576;Group;Air
4638;733;Ltd;Air
4639;304;PLC;Air
4640;733;Ltd;Ground
4641;576;Group;Sea
4642;576;Group;Sea
4643;663;Inc;Air
4644;460;LLC;Sea
4645;623;and Sons;Ground
4646;576;Group;Sea
4647;460;LLC;Sea
4648;663;Inc;Air
4649;733;Ltd;Ground
4650;663;Inc;Air
4651;733;Ltd;Ground
4652;460;LLC;Ground
4653;576;Group;Ground
4654;304;PLC;Air
4655;663;Inc;Ground
4656;304;PLC;Air
4657;663;Inc;Sea
4658;576;Group;Sea
4659;733;Ltd;Sea
4660;576;Group;Air
4661;460;LLC;Ground
4662;304;PLC;Sea
4663;623;and Sons;Air
4664;623;and Sons;Air
4665;576;Group;Ground
4666;460;LLC;Sea
4667;576;Group;Ground
4668;576;Group;Ground
4669;663;Inc;Ground
4670;623;and Sons;Sea
4671;304;PLC;Sea
4672;304;PLC;Sea
4673;663;Inc;Air
4674;576;Group;Air
4675;663;Inc;Ground
4676;304;PLC;Air
4677;663;Inc;Ground
4678;733;Ltd;Air
4679;663;Inc;Sea
4680;733;Ltd;Sea
4681;304;PLC;Air
4682;576;Group;Air
4683;733;Ltd;Air
4684;460;LLC;Air
4685;663;Inc;Sea
4686;623;and Sons;Air
4687;733;Ltd;Ground
4688;460;LLC;Air
4689;460;LLC;Ground
4690;460;LLC;Sea
4691;623;and Sons;Air
4692;623;and Sons;Sea
4693;576;Group;Air
4694;663;Inc;Sea
4695;623;and Sons;Air
4696;460;LLC;Sea
4697;623;and Sons;Ground
4698;304;PLC;Ground
4699;733;Ltd;Sea
4700;460;LLC;Air
4701;460;LLC;Air
4702;623;and Sons;Sea
4703;460;LLC;Ground
4704;663;Inc;Air
4705;304;PLC;Ground
4706;576;Group;Air
4707;623;and Sons;Air
4708;663;Inc;Ground
4709;623;and Sons;Sea
4710;304;PLC;Ground
4711;460;LLC;Sea
4712;663;Inc;Air
4713;663;Inc;Sea
4714;623;and Sons;Sea
4715;623;and Sons;Sea
4716;576;Group;Ground
4717;663;Inc;Sea
4718;304;PLC;Ground
4719;663;Inc;Ground
4720;663;Inc;Air
4721;663;Inc;Sea
4722;304;PLC;Ground
4723;576;Group;Air
4724;304;PLC;Sea
4725;304;PLC;Air
4726;576;Group;Sea
4727;304;PLC;Air
4728;733;Ltd;Ground
4729;733;Ltd;Sea
4730;663;Inc;Sea
4731;304;PLC;Ground
4732;733;Ltd;Ground
4733;576;Group;Ground
4734;576;Group;Ground
4735;733;Ltd;Sea
4736;304;PLC;Sea
4737;733;Ltd;Ground
4738;623;and Sons;Sea
4739;663;Inc;Sea
4740;663;Inc;Ground
4741;663;Inc;Air
4742;623;and Sons;Air
4743;460;LLC;Air
4744;663;Inc;Air
4745;576;Group;Ground
4746;733;Ltd;Sea
4747;663;Inc;Sea
4748;576;Group;Air
4749;304;PLC;Sea
4750;733;Ltd;Ground
4751;460;LLC;Sea
4752;460;LLC;Air
4753;733;Ltd;Sea
4754;733;Ltd;Ground
4755;733;Ltd;Sea
4756;733;Ltd;Ground
4757;460;LLC;Ground
4758;304;PLC;Sea
4759;663;Inc;Air
4760;623;and Sons;Sea
4761;460;LLC;Air
4762;623;and Sons;Sea
4763;304;PLC;Air
4764;304;PLC;Sea
4765;663;Inc;Sea
4766;460;LLC;Air
4767;304;PLC;Air
4768;576;Group;Sea
4769;304;PLC;Air
4770;663;Inc;Sea
4771;460;LLC;Air
4772;663;Inc;Sea
4773;663;Inc;Air
4774;576;Group;Air
4775;623;and Sons;Air
4776;460;LLC;Ground
4777;576;Group;Sea
4778;623;and Sons;Air
4779;623;and Sons;Ground
4780;460;LLC;Air
4781;733;Ltd;Sea
4782;623;and Sons;Ground
4783;576;Group;Ground
4784;623;and Sons;Air
4785;623;and Sons;Sea
4786;576;Group;Air
4787;623;and Sons;Sea
4788;623;and Sons;Ground
4789;460;LLC;Ground
4790;576;Group;Ground
4791;460;LLC;Air
4792;733;Ltd;Air
4793;576;Group;Ground
4794;623;and Sons;Air
4795;733;Ltd;Ground
4796;663;Inc;Sea
4797;663;Inc;Air
4798;623;and Sons;Sea
4799;623;and Sons;Ground
4800;460;LLC;Sea
4801;576;Group;Air
4802;576;Group;Ground
4803;576;Group;Sea
4804;576;Group;Air
4805;733;Ltd;Ground
4806;663;Inc;Ground
4807;576;Group;Air
4808;663;Inc;Ground
4809;663;Inc;Sea
4810;304;PLC;Sea
4811;576;Group;Ground
4812;460;LLC;Ground
4813;576;Group;Sea
4814;460;LLC;Air
4815;576;Group;Air
4816;733;Ltd;Sea
4817;623;and Sons;Ground
4818;304;PLC;Ground
4819;460;LLC;Ground
4820;576;Group;Ground
4821;576;Group;Sea
4822;623;and Sons;Sea
4823;576;Group;Air
4824;460;LLC;Air
4825;576;Group;Sea
4826;460;LLC;Sea
4827;460;LLC;Ground
4828;623;and Sons;Ground
4829;663;Inc;Sea
4830;623;and Sons;Air
4831;460;LLC;Air
4832;623;and Sons;Air
4833;576;Group;Air
4834;663;Inc;Ground
4835;576;Group;Air
4836;304;PLC;Air
4837;623;and Sons;Ground
4838;733;Ltd;Sea
4839;576;Group;Ground
4840;304;PLC;Air
4841;460;LLC;Sea
4842;623;and Sons;Sea
4843;623;and Sons;Ground
4844;733;Ltd;Air
4845;663;Inc;Air
4846;576;Group;Air
4847;576;Group;Sea
4848;460;LLC;Air
4849;304;PLC;Sea
4850;304;PLC;Ground
4851;733;Ltd;Air
4852;663;Inc;Ground
4853;623;and Sons;Ground
4854;304;PLC;Air
4855;304;PLC;Air
4856;623;and Sons;Ground
4857;460;LLC;Air
4858;576;Group;Ground
4859;460;LLC;Air
4860;460;LLC;Sea
4861;733;Ltd;Ground
4862;576;Group;Air
4863;733;Ltd;Sea
4864;733;Ltd;Sea
4865;304;PLC;Air
4866;623;and Sons;Ground
4867;623;and Sons;Sea
4868;733;Ltd;Ground
4869;460;LLC;Air
4870;304;PLC;Air
4871;663;Inc;Ground
4872;304;PLC;Air
4873;460;LLC;Air
4874;460;LLC;Sea
4875;733;Ltd;Air
4876;576;Group;Air
4877;460;LLC;Ground
4878;460;LLC;Ground
4879;304;PLC;Air
4880;576;Group;Sea
4881;733;Ltd;Air
4882;663;Inc;Ground
4883;733;Ltd;Sea
4884;460;LLC;Ground
4885;733;Ltd;Air
4886;576;Group;Sea
4887;623;and Sons;Sea
4888;623;and Sons;Sea
4889;733;Ltd;Air
4890;460;LLC;Sea
4891;733;Ltd;Sea
4892;623;and Sons;Air
4893;623;and Sons;Air
4894;623;and Sons;Air
4895;663;Inc;Air
4896;623;and Sons;Ground
4897;304;PLC;Ground
4898;623;and Sons;Air
4899;460;LLC;Sea
4900;733;Ltd;Sea
4901;460;LLC;Air
4902;304;PLC;Sea
4903;576;Group;Ground
4904;576;Group;Ground
4905;576;Group;Air
4906;576;Group;Sea
4907;576;Group;Air
4908;304;PLC;Air
4909;663;Inc;Sea
4910;304;PLC;Ground
4911;733;Ltd;Ground
4912;304;PLC;Ground
4913;576;Group;Ground
4914;460;LLC;Air
4915;576;Group;Ground
4916;304;PLC;Ground
4917;623;and Sons;Sea
4918;576;Group;Ground
4919;733;Ltd;Air
4920;623;and Sons;Air
4921;304;PLC;Sea
4922;304;PLC;Ground
4923;663;Inc;Sea
4924;304;PLC;Air
4925;733;Ltd;Sea
4926;733;Ltd;Sea
4927;663;Inc;Sea
4928;663;Inc;Air
4929;663;Inc;Sea
4930;663;Inc;Air
4931;663;Inc;Air
4932;733;Ltd;Air
4933;576;Group;Sea
4934;733;Ltd;Sea
4935;663;Inc;Sea
4936;304;PLC;Ground
4937;576;Group;Sea
4938;733;Ltd;Sea
4939;733;Ltd;Sea
4940;663;Inc;Ground
4941;460;LLC;Ground
4942;733;Ltd;Air
4943;733;Ltd;Air
4944;460;LLC;Air
4945;304;PLC;Ground
4946;663;Inc;Ground
4947;663;Inc;Air
4948;733;Ltd;Air
4949;623;and Sons;Sea
4950;733;Ltd;Air
4951;663;Inc;Ground
4952;623;and Sons;Ground
4953;304;PLC;Air
4954;733;Ltd;Ground
4955;733;Ltd;Ground
4956;304;PLC;Air
4957;733;Ltd;Sea
4958;733;Ltd;Air
4959;663;Inc;Sea
4960;460;LLC;Air
4961;460;LLC;Ground
4962;733;Ltd;Sea
4963;663;Inc;Sea
4964;733;Ltd;Air
4965;460;LLC;Sea
4966;460;LLC;Air
4967;623;and Sons;Ground
4968;304;PLC;Sea
4969;623;and Sons;Ground
4970;304;PLC;Sea
4971;663;Inc;Ground
4972;623;and Sons;Air
4973;576;Group;Ground
4974;663;Inc;Sea
4975;304;PLC;Sea
4976;733;Ltd;Ground
4977;623;and Sons;Air
4978;663;Inc;Sea
4979;623;and Sons;Ground
4980;623;and Sons;Ground
4981;663;Inc;Air
4982;576;Group;Sea
4983;304;PLC;Sea
4984;663;Inc;Air
4985;663;Inc;Ground
4986;460;LLC;Air
4987;304;PLC;Ground
4988;663;Inc;Air
4989;623;and Sons;Sea
4990;623;and Sons;Air
4991;460;LLC;Ground
4992;304;PLC;Ground
4993;733;Ltd;Sea
4994;623;and Sons;Air
4995;623;and Sons;Air
4996;623;and Sons;Air
4997;304;PLC;Ground
4998;733;Ltd;Air
4999;623;and Sons;Air
5000;460;LLC;Ground
5001;460;LLC;Ground
5002;460;LLC;Ground
5003;460;LLC;Ground
5004;460;LLC;Ground
5005;460;LLC;Ground
5006;460;LLC;Ground
5007;460;LLC;Ground
5008;460;LLC;Ground
5009;460;LLC;Ground
5010;460;LLC;Ground
